Index,Title,Price,Subscriber Count,Reviews,% Reviews,Course Length
﻿28295,Learn Web Designing & HTML5/CSS3 Essentials in 4-Hours,75,43285,525,1.21,24
19603,Learning Dynamic Website Design - PHP MySQL and JavaScript,50,47886,285,0.6,125
889438,ChatBots: Messenger ChatBot with API.AI and Node.JS,50,2577,529,20.53,64
197836,Projects in HTML5,60,8777,206,2.35,75
505208,Programming Foundations: HTML5 + CSS3 for Entrepreneurs 2015,20,23764,490,2.06,58
1086834,How To Make A Wordpress Website 2017 | Divi Theme Tutorial,40,3541,202,5.7,37
1094964,Build Your Own Backend REST API using Django REST Framework,50,2669,112,4.2,72
965870,Angular and Firebase - Build a Web App with Typescript,150,1966,359,18.26,65
965528,Web Development Masterclass - Complete Certificate Course,200,4090,178,4.35,348
1078208,Spring Boot Tutorial For Beginners,40,2578,210,8.15,39
642410,The Complete Bootstrap Masterclass Course - Build 4 Projects,195,24978,540,2.16,67
785388,Scaling Docker on AWS,25,3133,351,11.2,63
1146014,Learn JavaScript for beginners,200,15276,167,1.09,19
8325,HTML Tutorial: HTML & CSS for Beginners,20,12458,253,2.03,82
987064,Learn by Doing: Vue JS 2.0 the Right Way,95,1087,220,20.24,32
94428,Learn Complete Web Development From Scratch,40,14074,106,0.75,46
159070,Introduction to Web Development: HTML,20,26800,333,1.24,55
920306,Web Site for Beginners - Learn Web Building like knitting,20,9425,147,1.56,14
1089744,How To Make A Wordpress Website 2017 - Divi Theme Tutorial,40,2780,94,3.38,29
16646,Web Programming with Python,50,35267,217,0.62,53
678142,PHP Login and Registration System - Email Confirm Activation,100,2607,317,12.16,49
948440,PSD to Responsive HTML5: Beginner to Advanced,40,1502,218,14.51,49
924704,Ultimate Web Developer Course Build 10 Websites from Scratch,200,9359,110,1.18,402
1027342,Rapid Website Design with Bootstrap,200,14842,131,0.88,17
1009452,Build Enterprise Applications with Angular 2 (and Angular 4),190,6082,848,13.94,135
1247828,Angular 4 (2+) Crash Course for Beginners,120,12366,506,4.09,120
886300,Accelerated JavaScript Training,110,4720,1017,21.55,126
1009254,"Beginner API development in Node, Express, ES6, & MongoDB",165,7057,655,9.28,65
1078522,React JS and Redux - Mastering Web Apps,60,16829,820,4.87,77
1002030,Web Development w/ Googleâ€™s Go (golang) Programming Language,65,4872,662,13.59,171
818990,Git a Web Developer Job: Mastering the Modern Workflow,200,5809,1445,24.88,61
520116,The Complete WordPress Website Business Course,150,13439,1981,14.74,89
1252318,The Complete HTML and CSS Course For Beginners,85,733,104,14.19,50
427530,Learn  Bootstrap Development By Building 10 Projects,60,14813,1358,9.17,74
670034,Advanced Javascript,200,6601,1304,19.75,26
1052118,Dissecting Ruby on Rails 5 - Become a Professional Developer,195,2804,418,14.91,212
575880,The Complete Wordpress Course - Build Your Own Website Today,195,9421,73,0.77,36
669270,JQuery Essentials core training for Dynamic Interactive web,100,9668,38,0.39,52
1103954,Node.js: The Essentials + API Frameworks Express KOA Sails,20,2760,52,1.88,34
1017568,The Complete PHP Bootcamp Course With Video Sharing Project,195,9831,56,0.57,74
1111844,Build a Single Page Application with jQuery & AJAX,60,486,59,12.14,27
736940,Practical CSS Website Development: Crash Course ,95,11170,35,0.31,19
647442,Successful website creation - everything you need to know,150,9384,21,0.22,16
1073793,Start Writing JavaScript Today - Beginner JavaScript Course,100,9067,41,0.45,27
176432,HTML5 Essentials for Beginners,20,10247,200,1.95,15
158934,Code a personal splash page in 1 hour,20,10610,83,0.78,10
73080,Step-by-step HTML and CSS for Absolute Beginners,120,6162,324,5.26,43
1256136,Angular 4 Development Decoded,20,1802,13,0.72,8
1124970,Javascript ES6! A Complete Reference Guide to Javascript ES6,175,4783,41,0.86,48
771198,Reactive JS:  Are you ready for the next big paradigm shift?,60,2097,401,19.12,28
391546,Learn Python and Django: Payment Processing,70,17714,198,1.12,23
629088,Code your first Website using HTML & CSS: Project Learning,20,9554,368,3.85,16
1006894,"React.js: Building Production Ready Apps, Start to Finish",50,1129,137,12.13,77
579338,Learn Object Oriented Programming PHP fundamentals bootcamp,100,22213,142,0.64,16
945320,Javascript Intermediate level 2 - Mastering Functions,100,2412,116,4.81,28
64605,1 Hour CSS,100,18324,333,1.82,16
897146,"Become a Full Stack Developer with Spring, AWS and Stripe",75,1696,193,11.38,60
989452,Complete JQuery And JQuery UI Course For Beginner,80,7169,277,3.86,20
917724,Learn JavaScript for Web Development,75,12893,220,1.71,95
970874,"Complete AJAX Using Bootstrap, PHP From Basic To Advanced.",195,4708,111,2.36,18
911474,Complete Wordpress Theme Development Course,150,1050,223,21.24,64
425910,How to Optimise Your WordPress Website's Speed & Security to Improve SEO & User Experience,125,7852,46,0.59,31
842058,Build A Web App With Spring Framework and Angular 2,145,1683,340,20.2,48
1250824,Projects in Laravel: Learn Laravel Building 10 Projects,50,119,6,5.04,70
937134,Javascript Intermediate level 3 - JSON,100,1735,76,4.38,25
796010,Develop Your First App in an Hour,20,3699,201,5.43,11
752658,PHP: Ultimate guide to PHP for everyone,115,10103,75,0.74,20
560990,JavaScript DOM Dynamic Web interactive content Boot Camp,75,7380,43,0.58,59
1260288,"Master JavaScript Programming, 3 Projects Included !!",20,3903,53,1.36,107
918870,HTML CSS Learn to create a website from scratch,50,4892,49,1.0,32
1027016,Complete Codeigniter: From Beginner to Advanced,200,2786,31,1.11,20
283014,HTML 5: How I made websites in HTML5,135,15064,237,1.57,15
787236,"Build Responsive Website Using HTML5, CSS3, JS And Bootstrap",95,22623,783,3.46,73
1134390,Complete React JS web developer with ES6 - Build 10 projects,200,952,121,12.71,75
883000,Complete WordPress Theme Developer Course With Bootstrap,150,3415,312,9.14,160
938560,The Complete Ethical Hacking Course 2.0: Python & Kali Linux,195,7827,268,3.42,66
991290,Dynamic JavaScript Master Class AJAX JSON Simple APIs,200,9773,117,1.2,65
1165096,Vue JS - Mastering Web Apps,80,13457,215,1.6,69
1045942,Angular NgRx Store Masterclass - Covers Angular 4,150,1399,212,15.15,89
860812,JavaScript the Basics - JavaScript for Beginners,120,4028,674,16.73,93
1070976,"Complete E-Commerce Course - Java,Spring,Hibernate and MySQL",195,1371,165,12.04,83
939962,"Learn SVG Animation - With HTML, CSS & Javascript",65,12953,680,5.25,22
874960,"Build a Responsive Website with HTML5, CSS3 and Bootstrap 4",20,5125,395,7.71,53
28295,Learn Web Designing & HTML5/CSS3 Essentials in 4-Hours,75,43285,525,1.21,24
24334,CSS Development (with CSS3!),20,25864,188,0.73,32
997814,Angular 2 & TypeScript Beginner Web Development,200,5211,414,7.94,133
641868,The Docker for DevOps course: From development to production,25,8234,1111,13.49,110
1042110,"Beginner Full Stack Web Development: HTML, CSS, React & Node",200,2687,331,12.32,138
883002,Learn Angular 2 Development By Building 12 Apps,50,5143,941,18.3,80
1128050,"Server API Development in Swift, Kitura, & Bluemix",200,1827,129,7.06,66
1218130,React VR - Creating Virtual Reality Apps,80,5026,72,1.43,43
1123098,RxJs & Reactive Programming Angular Masterclass - Angular 4,150,1301,179,13.76,80
47963,"Coding for Entrepreneurs: Learn Python, Django, and More.",195,23412,799,3.41,251
671552,React and Flux Web Development for Beginners,100,8691,836,9.62,63
1002676,The Full Stack Web Development,60,3119,453,14.52,207
481002,Learn Nodejs by building 12 projects,50,10150,997,9.82,90
628222,How to Make an Online Portfolio Website from Scratch ,Free,14026,232,1.65,25
1122224,How To Make A Web Page With No Code,Free,2214,20,0.9,23
357726,Spring Framework 4 And Dependency Injection For Beginners,Free,21147,1220,5.77,16
162274,Joomla 3 - The Basics,Free,19909,411,2.06,17
555122,jQuery in Action: Build 8 jQuery Projects,100,1385,89,6.43,97
708674,Master WordPress Plugins: Shortcodes Ultimate - The Basics,Free,10780,110,1.02,19
1127048,ASP.NET C# - Enterprise Web Systems From Novice to Expert,20,604,8,1.32,43
651032,Wordpress - Create an Outstanding Website in 2 hours,30,1772,13,0.73,48
98066,Complete Website & CMS in PHP & MySQL From Scratch!,20,3357,82,2.44,48
910838,The Complete Web Development Tutorial Using React and Redux,40,796,43,5.4,29
125162,Create and Deploy a Web App in 3 Hours,50,4123,23,0.56,34
50587,HTML & CSS From Scratch in 30 Days,75,2697,64,2.37,82
1004788,Getting Started with Craft CMS,20,997,31,3.11,20
959200,JavaScript For Absolute Beginners - Level One,65,713,80,11.22,8
810550,Effective Personal Website Building and Hosting,20,4259,0,0.0,11
473160,Web Design for Web Developers: Build Beautiful Websites!,Free,98867,6512,6.59,20
904076,"Learn Rails: Quickly Code, Style and Launch 4 Web Apps",200,1849,21,1.14,83
842728,Getting Started with NodeJS for Beginners,195,1645,75,4.56,12
314462,Quickstart AngularJS,Free,64128,4047,6.31,17
783748,Byte-Sized-Chunks: Cascading Style Sheets (CSS) with HTML,20,2160,16,0.74,28
161986,Learn Building Your Own Website Without Coding,50,7660,7,0.09,19
823236,Practical Guide to Web Development,20,2025,16,0.79,38
936504,The Complete HTML5 and CSS3 Course,40,1548,30,1.94,126
380092,HTML & CSS for beginners: Build 3 projects from scratch,40,2472,139,5.62,31
884946,Code a 'Coming Soon' Landing Page in Bootstrap 4,Free,13535,473,3.49,18
98140,Introduction to Bootstrap 3,20,5795,79,1.36,29
637974,Master ExpressJS to Build Web Apps with NodeJS&JavaScript,50,2643,56,2.12,24
219838,Learn XML Crash Course: Discover Essential XML Fundamentals ,50,3704,111,3.0,18
749560,HTML5 CSS3 JQUERY Single Page Website Project from Scratch,120,1678,34,2.03,32
751100,Scrape Websites using PhantomJS and CasperJS,195,960,110,11.46,32
446736,Amazon s3 Mastery - THE How-To' Guides For Amazon S3,95,1811,118,6.52,36
200854,HTML and CSS Crash Course for Beginners,50,4123,46,1.12,31
470288,EMMET Faster HTML & CSS workflow - Best Tool For Developers ,Free,26697,1097,4.11,20
178640,Introduction to Web Development,50,5921,35,0.59,42
412952,AngularJS For ASP.NET MVC Developers,50,3011,57,1.89,10
1033944,Serverless Workflow Management with AWS Step Functions,Free,8768,173,1.97,8
1198654,How to set up a Web Server From Scratch to One Fully Managed,200,1673,31,1.85,24
1171966,The Complete PHP MySQL Professional Course with 5 Projects,200,16158,159,0.98,125
833398,Angular Masterclass,150,4057,359,8.85,99
140238,Become a Professional Web Developer | Version 3.0,200,6851,276,4.03,454
875194,Build Incredible Chatbots,100,2234,253,11.32,115
991630,Try Django 1.10 | Create a URL Shortening Service,50,9607,78,0.81,40
303514,Projects in CSS,60,4689,216,4.61,54
134144,Ruby on Rails: Training and Skills to Build Web Applications,95,9375,219,2.34,43
1115222,Learn and Understand React,30,4848,105,2.17,123
94430,Learn Javascript & JQuery From Scratch,30,84897,2685,3.16,10
788514,Learn to use JSON,150,12838,96,0.75,22
629142,The Ultimate Web Developer How To Guide,200,24861,423,1.7,281
992114,"Build A Complete CRUD Application With PHP, MYSQL & JQUERY",20,9762,94,0.96,112
379722,jQuery Crash Course: Learn the Essentials of jQuery Fast,50,11262,142,1.26,18
1189288,Drupal Tutorial : Drupal 8 Beginner to Expert in 8 PROJECTS,200,1270,16,1.26,73
652438,The Complete PHP CodeIgniter Course: Beginner To Advanced,195,17895,212,1.18,30
1052304,JavaScript For Beginners : Learn JavaScript From Scratch,195,11285,102,0.9,77
1223012,"Mastering 'Native CSS Shapes To Build Modern Web Pages""",195,1040,5,0.48,30
882488,WordPress Development For Beginners,95,23572,210,0.89,20
1033686,WordPress local server setup and site migration online,55,3801,43,1.13,12
723522,PHP Fundamentals - Start Earning The Top Dollars You Deserve,195,12068,81,0.67,12
1181900,Interactive Dynamic JavaScript for beginners DOM,200,5559,35,0.63,21
945336,Javascript Intermediate level 1 - Mastering the DOM,100,1838,169,9.19,31
1079370,Sublime Text for Rapid Web Development,20,2104,69,3.28,14
23742,Servlets and JSPs Tutorial: Learn Web Applications With Java,35,15187,970,6.39,64
266252,Projects in PHP and MySQL,60,10606,570,5.37,88
473548,PHP OOP: Object Oriented Programming for beginners + Project,200,6497,901,13.87,221
920544,React Redux React-Router: From Beginner to Paid Professional,20,11536,876,7.59,60
993754,Django Core | A Reference Guide to Core Django Concepts,195,16282,303,1.86,159
1155262,"Angular 2 Complete E-Commerce App Course - Java,Spring,MySQL",195,949,129,13.59,89
997964,"Build An Online Bank With Java, Angular 2, Spring and More",195,1995,286,14.34,45
812588,The Complete jQuery Course: From Beginner To Advanced!,195,6636,302,4.55,50
531954,Projects in AngularJS - Learn by building 10 Projects,40,7146,629,8.8,77
1022582,The Ultimate Vue JS 2 Developers Course,195,1703,292,17.15,178
1049092,React JS - Build real world JS apps & deploy on cloud,175,12815,262,2.04,53
1277924,Angular 4 Front To Back,40,44,0,0.0,68
964732,"Modern Web Development with SASS, Gulp, NPM & Web Workflows",95,502,62,12.35,59
947120,"HTML5, CSS3 And JavaScript Fundamentals 2016",115,627,125,19.94,7
712960,"Angular 4 - Concepts, Code and Collective Wisdom",50,851,164,19.27,75
267560,Learn E-Commerce Website in PHP & MySQL From Scratch!,Free,29990,1342,4.47,87
763774,JavaScript Game Development: Create Your Own Breakout Game,Free,10179,314,3.08,21
929016,HTML and HTML5 For Beginners 2016,200,563,178,31.62,32
281690,A Very Complete Introduction To Laravel,20,2320,114,4.91,43
399228,"Learn to code, Become a Web Developer and Master JavaScript!",200,2353,47,2.0,91
1023062,Serverless Architecture on Amazon Web Services,Free,13210,978,7.4,8
933260,jQuery Essentials: Learn the Fundamental of jQuery,20,1004,43,4.28,40
494078,Expert Guide : Mastering Functions in JavaScript !,195,3015,30,1.0,19
1158572,Learn Angular 4 from Scratch,Free,8693,522,6.0,11
629082,Discover HTML Essential guide to HTML how to create webpages,85,8711,44,0.51,22
1093734,HTML5 and CSS3 for beginners: Create a Website from Scratch,200,9945,101,1.02,43
99986,Introduction to Web Development,20,18143,159,0.88,15
566248,jQuery Fundamentals Powerful Bootcamp for beginners,150,13882,63,0.45,47
556248,The Complete HTML & CSS Course - From Novice To Professional,195,57422,874,1.52,84
582392,JavaScript Basics Web Development Building Blocks,95,10179,68,0.67,17
582636,Bootstrap unleash the power faster & easier web development,150,18101,88,0.49,68
661802,JavaScript Design Patterns: 20 Patterns for Expert Code,95,2789,243,8.71,26
1139400,Fix Google's New 'Not Secure' Warning with Let's Encrypt!,95,1437,24,1.67,20
729552,JavaScript for Beginners Welcome to learning JavaScript,50,10864,63,0.58,26
499632,Benefits of Thinking Mobile First Future of Website Design,75,14254,27,0.19,20
959586,Javascript from Beginner to Advanced Level,195,6134,160,2.61,50
16151,AJAX Development,20,7867,147,1.87,23
856490,Interaction Design Specialist For Web Developers,95,8594,37,0.43,18
861528,PHP Security,50,1892,147,7.77,24
912996,The Bubble Course - Create Complete Web Apps without Coding,30,3960,220,5.56,47
559512,The Complete HTML5 & CSS3 Course Build Professional Websites,195,10518,129,1.23,57
922600,CSS Web Development Crash Course,20,10008,53,0.53,26
976284,Mastering DevOps,100,1023,118,11.53,38
976598,Building Websites Create a fully functional Web contact form,200,3392,29,0.85,19
718426,Create a Dynamic User Registration Form from scratch,100,7213,50,0.69,38
304490,A 13 Hour SQL Server 2014 /ASP.NET/CSS/C#/jQuery Course,35,4183,231,5.52,86
15285,HTML Workshop,20,25854,306,1.18,17
477702,Python for Beginners: Python Programming Language | Tutorial,150,6153,125,2.03,84
875882,Creating Animations using HTML5 Canvas,25,4010,17,0.42,12
861122,Bootstrap 4: Exploring New Features,75,5022,38,0.76,13
309370,Bootstrap 3 -> Profitable WordPress Theme Development!,40,5547,80,1.44,40
802268,Intro to Git,20,2532,291,11.49,30
1034520,WordPress Domination #2: Leads & Scarcity,95,2362,4,0.17,13
1016536,Learn How to Manage & Customize  Web Sites By Drupal CMS,140,7741,9,0.12,36
711592,Using Modern JavaScript Today,50,1658,185,11.16,68
1065250,Up and Running with jQuery,Free,3324,138,4.15,19
928858,Learn How To Build A Professional Web Site By Using Joomla,70,7184,22,0.31,29
791030,Power up HTML5 with JavaScript,100,4442,23,0.52,28
1241518,Node Package Manager Course: Build and Publish NPM Modules,30,7196,8,0.11,38
944886,WordPress Look and Feel with Themes,25,2371,10,0.42,12
758582,PHP with Laravel for beginners - Become a Master in Laravel,150,8496,1838,21.63,308
1199774,JavaScript 2017: Become Top Rated Web Developer,115,1346,330,24.52,32
390866,The Complete Web Developer Bootcamp - Beginner to Expert,190,14103,1548,10.98,197
1014776,Full-Stack Web Apps with Meteor and React,85,3295,531,16.12,162
929130,Angular 4: From Theory to Practice & FREE E-Book,200,4375,622,14.22,129
746014,The Complete Sass & SCSS Course: From Beginner to Advanced,195,12021,660,5.49,41
11475,Become a Certified Web Developer,100,26673,1090,4.09,185
11174,Become a Web Developer from Scratch,120,69186,2408,3.48,197
945978,Ultimate Angular 4 (previously Angular 2) with Bootstrap 4,50,11384,1846,16.22,80
1019276,The Ultimate Beginner's Guide to Django,200,2390,497,20.79,82
1252630,React JS - Mastering Redux,100,7059,116,1.64,58
1000010,Professional Ruby on Rails Developer with Rails 5,200,3179,214,6.73,174
937586,"Ruby on Rails 5 - BDD, RSpec and Capybara",200,1870,193,10.32,145
79154,Back to School Web Development and Programming Bundle,200,18170,117,0.64,779
328476,Complete ASP NET MVC Web Development - Newbie to Ninja!,195,6073,627,10.32,66
921474,The Complete DevOps Engineer Course 2.0 - Java & Kubernetes,195,5335,105,1.97,117
82778,All about NodeJS,50,8755,931,10.63,133
907386,How To Create A Wordpress Website 2016 | NEW Divi Theme 3.0!,40,4144,383,9.24,43
877124,The Complete jQuery Course - From Beginner to Professional!,200,6420,134,2.09,188
1169378,Build a complete Fiverr clone with Node + Algolia + Paypal,30,1741,26,1.49,87
30240,The Ultimate Web Development Course,50,9881,329,3.33,136
836044,React From The Ground Up,150,3252,401,12.33,62
405818,Javascript for Beginners Learn by Doing Practical Exercises,100,5089,685,13.46,29
665042,8 Beautiful Ruby on Rails Apps in 30 Days & TDD - Immersive ,100,5962,466,7.82,132
1068590,Wordpress Website Mastery 2017,Free,5181,64,1.24,22
1203894,How To Make an eCommerce Website With Wordpress 2017,Free,3493,43,1.23,26
994634,Mastering ASP.NET MVC 5 From Scratch Using C#,50,417,65,15.59,109
765916,Start Web Development with GIS Map in JavaScript,60,1599,26,1.63,49
128950,Learn to Build Websites using Twitter Bootstrap,Free,15134,523,3.46,12
549064,Web Development Tools the Pros Use: Code Productivity Hacks,30,2596,11,0.42,39
400280,WordPress : An Overview,45,1783,16,0.9,15
382856,Create Startup Landing Page with Viral Marketing Strategies,Free,12974,120,0.92,13
958982,JavaScript : JavaScript Awesomeness,25,785,20,2.55,25
1113036,Mastering CSS 3.0 Selectors,Free,4115,63,1.53,13
226534,WordPress Backup And Restore Fundamentals,Free,13242,131,0.99,24
738726,Learn HTML and CSS to make a Website,20,1154,12,1.04,71
64422,1 Hour HTML,200,16212,514,3.17,20
874166,Angular 2 Crash Course with TypeScript,100,16409,589,3.59,74
1197650,Boost your website speed without any coding!,50,1337,28,2.09,12
912946,Professional Rails Code Along,40,1469,237,16.13,120
876544,ASP.NET Web API 2 Hands-On,20,2660,276,10.38,16
1205894,Create a MEAN App by Example - Full Stack Course,50,421,26,6.18,33
19332,The Original Complete Web Developer Course.,20,31070,742,2.39,195
863954,Angular 2 From The Ground Up,30,1737,471,27.12,87
789324,Complete Web Development Course + Building 5 Websites!,200,11492,174,1.51,118
1229274,WP Plugin Development - Build your own plugin!,200,5439,22,0.4,24
906700,Sass: From Beginner to Advanced,40,8059,231,2.87,39
113706,Build Flat Responsive Website from Scratch - Complete Course,35,12105,144,1.19,54
604044,Wordpress for Beginners - Build a Live Website from Scratch,20,3877,92,2.37,15
531290,"Essential JavaScript, jQuery and AngularJS Training",30,2919,136,4.66,70
436210,The Pro Ruby on Rails Starter,45,2409,90,3.74,19
617158,Unit Testing AngularJS: Build Bugfree Apps That Always Work!,25,2083,213,10.23,23
1121580,WordPress Blog : Create a WordPress Website for Beginners,20,2076,8,0.39,20
782192,Introduction to HTML5 Canvas basics of drawing,200,2918,16,0.55,17
978728,"Thoughtful Web Development Course: HTML, Vue.js, PHP, MySQL",200,842,144,17.1,536
65493,Kids Coding - Beginners CSS,100,7130,30,0.42,17
32649,PHP & MySQL - Learn The Easy Way. Master PHP & MySQL Quickly,50,5549,92,1.66,143
1225030,Learning Path: Magento: Master and Test Magento 2 with Ease,200,155,9,5.81,37
903140,The Complete hapiJS Course - Go From Beginner To Advanced!,195,1697,64,3.77,54
372518,Ruby On Rails For Web Development,195,2526,185,7.32,24
1045862,Create eye-catching WordPress website from scratch,30,2342,15,0.64,19
99826,Become A Web Developer And Seller - Build Websites With HTML,200,21730,61,0.28,35
1236746,WordPress Tips and Tricks,200,1117,10,0.9,37
1110756,HTML Tutorials : HTML Code for Website Creating,20,2401,15,0.62,27
595728,Complete HTML5 and CSS3 Course +1 Start to Finish Project,200,3887,81,2.08,94
1231872,Web Development With HTML CSS BOOTSTRAP JQUERY for Beginners,35,1156,4,0.35,59
876850,HTML5 Specialist: Comprehensive HTML5 Training,100,1385,188,13.57,83
113518,CSS and CSS3 For Absolute Beginners,75,10890,212,1.95,33
1111552,Build a Complete JQuery Plugin (Image Pop-up Dialog),20,1126,10,0.89,12
834924,How to create HTML Forms,30,3652,60,1.64,7
764042,ReactJS and Flux: Learn By Building 10 Projects,60,1723,258,14.97,60
821526,How To Make A Business Website In 1 Day With Wix FAST & EASY,20,3759,24,0.64,25
838418,PHP Date and Time Course by Edwin Diaz,40,1653,53,3.21,14
342084,Start Your Own Forum Website in 15 Minutes ,40,5387,38,0.71,15
669536,Hit the ground running with AngularJS with Dion Yang,100,4563,49,1.07,13
511378,Learn CSS Transition and Animation ,100,3757,28,0.75,20
553582,Learn JavaScript from scratch,20,4193,92,2.19,44
566920,WordPress for Beginners - Tutorial - From Novice to Know-How,20,3694,48,1.3,39
406820,RESTful API with Laravel,45,1905,228,11.97,57
636418,Learn Ruby on Rails for Absolute Beginners,195,2875,20,0.7,36
986442,JavaScript Tutorial,180,613,93,15.17,37
996320,Shopping Cart Website from Scratch Ecommerce,200,633,39,6.16,54
936182,Learn By Example: Angular JS,50,1515,32,2.11,60
905850,The Complete front end web developer Bootcamp - 14 projects,200,900,129,14.33,126
547298,WordPress LMS: E-Learning Website Made Easy,20,2382,22,0.92,16
294794,Create An HTML5 Video Player From Scratch,Free,32260,1005,3.12,12
615920,In Depth Web Development Made Easy,25,3249,27,0.83,60
955818,Jquery :basics for beginners,50,1274,34,2.67,15
65330,Web Development By Doing: HTML / CSS From Scratch,Free,72932,2575,3.53,21
173548,Build Your First Website in 1 Week with HTML5 and CSS3,Free,120291,5924,4.92,30
1183094,"ASP.NET Core MVC, Quick and Practical",20,387,5,1.29,30
738360,Better way towards CSS using Less and Sass,20,2227,44,1.98,26
650328,JavaScript Complete for beginners with real world Apps,120,2652,33,1.24,40
69414,Creating a Responsive HTML Email,20,2520,183,7.26,34
500628,Angular 2 Demystified,20,3150,69,2.19,49
384078,Learn HTML Fast and Easy!,20,4011,24,0.6,17
451938,How To Setup a Micro-Blog in 3 Easy Steps,25,6937,22,0.32,7
657710,Ruby on Rails for Complete Beginners,35,4839,129,2.67,84
977516,Wordpress for Non-Technical People,150,2346,10,0.43,65
997750,ASP NET CORE - ANGULAR 2 E-Commerce App,200,897,129,14.38,171
316704,Introductory JavaScript Made Easy Training Tutorial,20,9381,138,1.47,131
106178,Become a Heroku Rails Ninja: Expert Level Deployment Tools,50,7090,52,0.73,30
1062686,Complete RESPONSIVE Website Design with HTML5 & CSS3,20,2204,6,0.27,97
1082996,Pimcore Developer: Implement a Blog from a Bootstrap Theme,95,1212,15,1.24,39
629044,Inspirational Web Development - A Beginner Approach -,20,5328,47,0.88,28
476408,"Learn HTML, A practical guide from scratch to HTML 5",100,5715,52,0.91,31
1124244,JavaScript Tutorial: Learn JavaScript Code for Beginners,20,2074,14,0.68,22
217010,Website Secrets: Get a Gorgeous Website on the Cheap,50,12328,15,0.12,32
576694,Ultimate WordPress Plugin Course,100,4537,415,9.15,49
527952,PHP for Beginners: How to Build an E-Commerce Store,100,5117,463,9.05,138
745306,"Build Realtime Apps | React Js, Golang & RethinkDB",60,3854,482,12.51,48
941998,"Master Electron: Desktop Apps using HTML, JavaScript & CSS",165,1902,224,11.78,47
674608,The Complete Web Developer Masterclass: Beginner To Advanced,195,37141,1813,4.88,316
1204208,Mastering Micro Services Using Java Spring Boot,195,1649,34,2.06,25
957422,How to Create A Website: An HTML Tutorial and CSS Tutorial,65,3012,260,8.63,330
511838,The Advanced Web Developer Course,100,6890,99,1.44,90
621022,Projects in MongoDB - Learn MongoDB Building Projects,50,4628,247,5.34,93
30318,Learning JavaScript Programming Tutorial. A Definitive Guide,50,17113,380,2.22,93
1270392,"The Complete JavaScript, HTML and CSS Tutorial For Beginners",35,244,44,18.03,21
991094,"Build Modern Responsive Website With HTML5, CSS3 & Bootstrap",195,1472,210,14.27,110
695656,The Complete JavaScript Course For Web Development Beginners,195,31499,450,1.43,46
1174446,Email Marketing: Send Unlimited Emails via Own Mail Server,35,3539,43,1.22,20
1267892,Getting started with JavaScript,200,1415,17,1.2,23
1149334,Learn the basics of the Web development: Coding Tactics,40,2965,17,0.57,30
1109150,RESTful API with Laravel 5.4: Definitive Guide,145,655,95,14.5,195
445534,Learn AngularJS Step By Step,20,18777,1112,5.92,21
987666,Learn React : The World's Most Lucrative JavaScript Library,50,1591,99,6.22,74
1134330,Master Regular Expressions from scratch - All languages,70,1925,27,1.4,38
983534,Try AngularJS: Beginner's Guide to Front End Web Development,50,16926,126,0.74,33
563248,JavaScript Step by Step how to apply it to your web pages,100,13406,78,0.58,44
1140532,Explore JavaScript Beginners Guide to Coding JavaScript,200,5739,26,0.45,29
701636,Learn Web Scraping with Node.js,75,16731,137,0.82,10
797832,Getting Started with WordPress 2016,20,1613,21,1.3,20
41295,Learn HTML5 Programming From Scratch,Free,268923,8629,3.21,45
413494,Getting Started with LESS - Beginner Crash Course,25,1780,69,3.88,21
911318,Master ECMAScript 2015 (ES6),Free,7438,441,5.93,37
197828,Learn to Setup Websites from Scratch,Free,21087,154,0.73,24
576646,Create Fast RESTful APIs with Lumen and Homestead by Laravel,60,1157,105,9.08,31
984072,"Build Modern Websites Quick With HTML,CSS and Bootstrap",20,912,17,1.86,48
709180,Twitter Integration customize Tweets with developer API,115,2039,7,0.34,19
188692,Build a Responsive Website with a Modern Flat Design,Free,16527,354,2.14,17
683606,The Ultimate WordPress Boot Camp: Build 7 Websites,125,1000,74,7.4,140
429364,Master the Basics of HTML5 & CSS3: Beginner Web Development,Free,26541,750,2.83,38
1012096,Become A Full Stack Web Developer in 14 Days,195,467,20,4.28,126
1016388,Projects In ReactJS - The Complete React Learning Course,50,947,108,11.4,56
978852,Beginning Web development Learn the basics of HTML,95,9832,71,0.72,59
1148342,Step by Step Build Your Template by Bootstrap 4 from scratch,80,2184,15,0.69,24
1199780,Hosting your static website on Amazon AWS S3 service,20,2853,47,1.65,16
648118,JavaScript Rockstar How to create Incredible Useful code,75,16590,51,0.31,27
863812,Spring Core DevOps on AWS,100,1626,115,7.07,78
752432,How to Create a Website Without Coding - WordPress 2016,195,9056,96,1.06,31
639848,PHP Graphic Techniques: CAPTCHA/ Create a verification code,20,8320,73,0.88,11
942366,Introductory To HTML and CSS,50,4106,112,2.73,15
1103448,Learn how to convert PSD to HTML and CSS responsive,30,5324,52,0.98,14
945602,PHP User Login Registration Script With All Features,200,5603,46,0.82,47
446608,AJAX : Let's build a COOL project,70,4183,292,6.98,38
866384,Advanced WordPress Topics: Post Types Taxonomies & Metaboxes,95,301,44,14.62,91
678150,Laravel Homestead,Free,3883,110,2.83,9
980114,The Complete TypeScript Programming Guide for Web Developers,40,236,31,13.14,35
17887,JavaScript with BackboneJS and Bootstrap CSS - Advanced,25,1758,37,2.1,16
465210,Ruby on Rails Tutorial: Learn 6 Ruby on Rails SEO Techniques,200,1266,16,1.26,21
967422,XML DOM :basics for beginners,35,920,1,0.11,7
708558,Learn HTML Basics From Scratch,Free,5004,52,1.04,21
783686,Byte-Sized-Chunks: Dynamic Prototypes in Javascript,20,880,6,0.68,24
551072,Build Websites from Scratch with Squarespace,50,342,53,15.5,60
1004008,Introduction to web programming for GIS applications,100,205,38,18.54,97
344224,Java Spring Security,40,527,63,11.95,11
235104,Responsive Html5 Theme Development,20,1517,4,0.26,12
598970,Whatâ€™s New in Bootstrap 4,20,130,14,10.77,20
543346,ReactJS Course: Learn JavaScript Library Used by Facebook&IG,50,1018,33,3.24,41
575644,Building a Ruby on Rails Application with Neo4j,Free,4830,38,0.79,7
877036,Sara Learns to Code.  Making an App from Scratch,60,402,20,4.98,35
691760,Ajax  for Beginners: A Very Basic Introduction,65,755,5,0.66,18
579182,Wordpress Essentials: Useful Plugins,25,1087,7,0.64,24
1071060,Django by Example,125,170,21,12.35,78
235990,Build A Great Wordpress Website For Your Business in 2 Hours,35,1054,4,0.38,26
469678,Wordpress on AWS: The Easy way to AWS for Free Fast hosting ,40,245,23,9.39,36
708514,Mastering TypeScript,95,353,34,9.63,41
601260,Mastering AngularJS UI Development,95,464,26,5.6,22
687642,Custom Theme Creation for WordPress using HTML5 and CSS3,35,298,20,6.71,24
654422,Create a PHP Contact Form in Bootstrap,20,2238,65,2.9,12
902748,Introduction To Data Analytics Using Microsoft Power BI,45,1764,33,1.87,16
634754,HTML Made Simple For Beginners: Create a One Page Website,65,3380,50,1.48,16
1112844,The Complete Web Developer Masterclass: Beginner To Advanced,20,1030,11,1.07,30
1026206,Website Builder Software Previews,25,1406,12,0.85,20
484872,Learn How to Create Your Own Social Network,50,4732,5,0.11,14
773824,"Learn By Example: The Foundations of HTML, CSS & Javascript",50,1724,72,4.18,94
846578,JavaScript manipulation of the DOM Document Object Model,20,1618,46,2.84,20
358508,Create Jekyll blog and host it on Github like a Ninja,20,5056,74,1.46,11
975060,Learn React JS from scratch,115,1562,42,2.69,34
904818,Web Security: Common Vulnerabilities And Their Mitigation,50,1547,30,1.94,56
472526,PHP for Beginners,40,2626,95,3.62,135
241590,Make a professional website - 30 Day Guarantee. Discounted!,20,11167,34,0.3,13
1182108,Symfony 3: Build a PHP Application with Symfony,20,466,11,2.36,25
1156648,Learn ASP.Net Web API 2 for Absolute Beginner,30,1355,14,1.03,29
642696,Build a Website in 30 Minutes,95,5065,40,0.79,12
1121696,Google Blogger : How to Create a Blog,20,1763,17,0.96,30
389240,How to Make a Website Without Coding- WordPress & Web Skills,30,6413,107,1.67,123
297044,Learn WCF And Web APIs From Scratch,50,5398,358,6.63,83
462668,How To Build A Website From Scratch + Blogging Blueprint,20,7017,37,0.53,28
565282,Learn To Create Different Website Layouts & Media Queries ,195,6510,45,0.69,22
1011550,Build Sign Up and Login Forms With Bootstrap Modal,20,1898,19,1.0,31
409618,"Build a Real Time web app in node.js , Angular.js, mongoDB",20,3299,166,5.03,34
1226008,Superb jQuery Course - Become Certified jQuery Developer,95,817,6,0.73,32
1211960,How To Build A Facebook Messenger Chat Bot From Scratch,120,1798,20,1.11,24
1169848,"Build Your Own Calculator App with Javascript, HTML5 & CSS",50,3688,49,1.33,11
896858,The Complete WordPress Development & Customization Course,100,1611,165,10.24,157
696016,HTML CSS Easy steps to create a web template from scratch,200,11574,78,0.67,15
993148,Learn jQuery AJAX in 1 hour,195,2547,62,2.43,18
1145206,Develop Competitive Plugins for WordPress and WooCommerce,150,2063,18,0.87,12
534376,Get Results - Core Principles of Web Development Tricks Tips,75,22355,54,0.24,26
570416,JSON Faster Sleeker & Easier Discover the benefits learn it,200,8577,69,0.8,31
1017116,Get to know HTML Learn HTML Basics,200,10674,102,0.96,26
1243474,Ultimate Css & JQuery Form Designing From Beginner to Expert,115,783,5,0.64,13
732556,PHP: Complete Registration and Login with Email Verification,20,12781,145,1.13,22
426196,JavaScript from Beginner to Expert,125,5484,439,8.01,92
747552,Build a website HTML5 CSS3 Beginner Course,150,7884,44,0.56,28
556922,Learn Ruby on Rails: Stripe Payment Processing,40,15724,33,0.21,29
1147064,WordPress For Beginners | No Coding Required,20,3106,31,1.0,13
651780,jQuery For Beginners : A Basic Introduction,65,6293,165,2.62,8
944906,WordPress Plugins and Widgets,40,8711,29,0.33,12
674646,PHP Essential How to create build Amazing websites with PHP,75,8067,30,0.37,44
673420,HTML CSS JavaScript: Most popular ways to code HTML CSS JS,170,9332,172,1.84,33
584758,Bootstrap 3 Beginners: Create a Professional Landing Page,20,3271,278,8.5,54
1189280,Introduction to Node.js for Beginners,125,1367,17,1.24,58
543090,Introduction to Coding with Ruby,45,5077,126,2.48,66
611308,Complete PHP and MySql Course: From Beginner to Professional,200,6508,137,2.11,90
959604,Angular JS Essentials,195,4687,99,2.11,24
540724,How To Setup Web Hosting,Free,11758,242,2.06,8
1089652,"Web Application Development using Redis, Express, and Socket",200,300,16,5.33,66
1049344,How to Start a WordPress Blog - Complete Beginners Guide!,Free,3784,85,2.25,32
786494,CSS3 Gradients for Web Designers,20,1209,9,0.74,21
611518,Learn ASP NET MVC 5 step by step,20,1428,91,6.37,32
956888,Tumult Hype Pro Basics: HTML5 Animations Made Easier,50,716,32,4.47,57
188828,Web Hosting Set Up and WordPress Installation For Beginners,Free,12563,239,1.9,11
382258,Ruby on Rails 4---A Test-Driven Approach,100,1518,55,3.62,122
955138,AJAX :basics for beginners,35,1241,23,1.85,9
1085064,Let's JavaScript!  Code a calculator,35,380,10,2.63,30
1038786,JavaScript from Beginner to Advanced,195,395,18,4.56,57
512000,WordPress Theme Academy with Bootstrap,20,1169,110,9.41,64
1148412,Building a eCommerce Startup in 4 Hours [Livestream],50,1114,8,0.72,23
1254172,Responsive PHP Registration Form: From Scratch,95,5738,9,0.16,35
1105778,A-Frame WebVR Programming Tutorial Series (Virtual Reality),40,6648,16,0.24,22
1240522,Learn Bootstrap And Make Responsive Websites,25,1605,10,0.62,32
903526,HTML Web Development Crash Course,20,4848,33,0.68,17
53256,Bootstrap Basics: Program Responsive Websites,75,4743,393,8.29,28
1030440,Projects with JSON and APIs,20,1520,34,2.24,23
947498,Web Design HTML CSS How to Create a Website from Scratch,50,3601,28,0.78,22
761768,"Create Complete Sign up System using PHP, jQuery and Ajax",200,4033,40,0.99,25
173134,Adobe Flash for Beginners - Build Flash Website From Scratch,200,17071,17,0.1,15
881210,Learn Complete WordPress for Building a Professional Sites,80,13708,92,0.67,62
1140232,Devtools 2017: Beginner to Expert w/ Chrome Developer Tools,125,430,54,12.56,39
767656,Bootstrap Essential Training - Create Your Very Own Website,20,2643,34,1.29,83
671960,Angular 2 Jump Start With Typescript,20,1731,90,5.2,74
686764,Learn Plugin Development in WordPress By Building  Projects,60,1313,121,9.22,62
862478,"Build Your Startup with No Coding (Design, Develop & Ship)",30,775,245,31.61,82
834600,The Web Developers Guide: Learn HTML & CSS Fundamentals,20,2243,27,1.2,97
690788,Learn PHP Programming for Absolute Beginners - Lite,20,2749,62,2.26,7
854756,Learn Drupal 8 - With a Live Project,55,2012,15,0.75,59
1023668,Supreme NodeJS Course - For Beginners,200,1080,37,3.43,76
482404,CSS3 for beginners,195,3831,15,0.39,25
624578,Javascript for beginners,75,2071,57,2.75,14
753940,Become a Bootstrap Expert: Build 20 Layouts!,35,2755,57,2.07,179
862428,PHP : Learn to upload files to Amazon S3 and use CloudFront,50,1216,36,2.96,28
739770,PHP MySQL: Learn PHP MySQL with Project,20,2314,77,3.33,25
599532,How to Set Up a Self-Hosted Wordpress Website in 30 Minutes,Free,8770,261,2.98,13
270808,Projects in Django and Python,60,1764,53,3.0,28
106156,"Create, Update and Manage Your Own Website Using Drupal 7",120,2837,68,2.4,49
589342,Learn HTML - The programming language to build a webpage!,25,1655,39,2.36,19
37684,Learn To Program JavaScript (in ten easy steps),75,2721,96,3.53,44
964118,Bootstrap :basics for beginners,40,1152,20,1.74,14
212374,Introduction to CSS Development,Free,15493,415,2.68,25
970252,PHP :basics for beginners,45,1562,4,0.26,12
465870,Beginning Oracle WebLogic for Administrators,Free,9786,989,10.11,7
442504,Build an HTML5 and CSS3 Website in 35 Minutes,20,1904,25,1.31,17
1121650,Angular 2 Routing: Up And Running,Free,3357,84,2.5,13
737758,Advanced Prezi: Make Amazing Presentations ,30,2200,25,1.14,12
72262,1 hour jQuery,100,5456,133,2.44,25
443746,The WpFASTER WordPress Speed Optimization Master Course,175,2134,215,10.07,55
416282,How to Build Your Own Website with WordPress: A Step-by-Step Guide ,95,4675,15,0.32,56
645714,Build Apps with ReactJS: The Complete Course,40,1433,145,10.12,34
929260,Learn SASS: from beginner to expert,20,1734,9,0.52,13
683394,The complete HTML5 course,20,3461,11,0.32,23
311916,Create a Responsive Website with Bootstrap 3,50,4076,39,0.96,22
1009166,Lerning PHP by building website,185,567,63,11.11,34
947116,Learn PHP Object Oriented Features with Simple Examples,20,1723,28,1.63,7
835712,Crash Course - Learn to Create a PHP MVC Framework,50,1282,117,9.13,12
954036,JSON :basics for beginners,45,2052,18,0.88,8
745120,CSSCasts; CSS libraries Plugins Tips & Tricks for Developers,200,1874,40,2.13,224
797040,Complete Guide to Front-End Web Development and Design,200,1119,111,9.92,204
795278,"Build Ajax Web Apps with Laravel 5.2, Bootstrap and jQuery",100,1023,131,12.81,44
8324,Javascript for Beginners,20,3697,195,5.27,48
756914,MongooseJS Essentials - Learn MongoDB for Node.js,Free,21682,1106,5.1,8
405840,Regular Expressions for Beginners - Universal,100,1975,141,7.14,36
899534,Learn Redis from Scratch,40,553,84,15.19,31
570848,WordPress Plugin Development -> Deep dive discovery!,40,2650,19,0.72,39
714678,Learn Ajax and jquery with PHP,20,2964,8,0.27,9
791610,Create a business website with WordPress,50,1624,31,1.91,38
631472,DesktopServer : Install WordPress Locally  - Work Anywhere!,65,1640,22,1.34,29
856530,Understand PHP Arrays and HTTP Request in a Better Way,35,1627,38,2.34,7
530092,Mastering CSS,95,1815,249,13.72,42
1211160,The Complete Wordpress Theme Development Guide,25,1011,2,0.2,19
977470,The Complete HMTL5 Course - Go From Beginner To Advanced!,95,2430,15,0.62,36
504316,Learn Jquery from Scratch 2-Hour Training ,20,5318,56,1.05,13
389018,How to Create a Wordpress Website from Scratch - No Coding,20,7018,28,0.4,38
937206,Learn PHP CodeIgniter Framework with AJAX and Bootstrap,75,1634,52,3.18,21
739090,The Complete Guide to JavaScript Development,110,3590,36,1.0,104
720144,Basic HTML CSS and Web Design,30,4030,92,2.28,46
365816,Build Professional WordPress Website,145,4020,95,2.36,52
977474,Ultimate CSS3 Course - From Beginners To Professional,95,2635,25,0.95,30
481696,Code & Grow Rich:  Earn More As An Entrepreneur Or Developer,200,7211,52,0.72,491
978850,Learn by Example : ReactJS,50,1496,37,2.47,74
825354,React.js Quickly: Developing Scalable Web User Interfaces,50,4447,76,1.71,24
822670,JavaScript - Tricks and Workarounds,100,1410,134,9.5,67
65492,Kids Coding - Beginner HTML,20,6628,53,0.8,19
1051672,Learn PHP from scratch!!,25,1908,12,0.63,17
688968,PHP with PDO - ULTIMATE Crash Course,50,1248,171,13.7,18
495484,JavaScript for beginners with live examples,195,4587,46,1.0,49
398456,Bootstrap 3 Introduction : Create RESPONSIVE Websites Fast,50,2351,302,12.85,16
615084,Laravel(5.2) PHP Framework  Jump Start for beginners,20,3898,95,2.44,32
492818,Professional WordPress Theme Development For 2017,20,3185,102,3.2,94
1055322,Learn Laravel PHP Framework Building Multi User SEO Blog APP,100,557,92,16.52,133
1112604,Javascript Specialist,200,408,39,9.56,80
424864,Write PHP Like a Pro: Build a PHP MVC Framework From Scratch,70,1703,435,25.54,65
516062,JavaScript Intro to learning JavaScript web programming,20,17554,94,0.54,16
92760,Crash Course: Fundamentals Of HTML & CSS From Scratch.,20,7368,216,2.93,52
1064104,"Laravel, the complete guide with real world projects",200,676,119,17.6,125
900434,VueJS V1 Introduction to VueJS JavaScript Framework,200,3632,28,0.77,31
609992,HTML CSS: Essential steps to learn HTML CSS,145,10576,154,1.46,23
77642,Learn HTML 5 in 1 hour,100,11643,169,1.45,21
269006,Learn Html5 & CSS3 from scratch,20,13960,239,1.71,19
151956,Responsive Web Design: Made Easy,195,5085,106,2.08,27
908996,Parse Server: From Front End to Full Stack,200,1130,162,14.34,66
269638,Codeigniter: How to use Codeigniter that drives knowledge,150,14606,235,1.61,21
452684,jQuery for Beginners - Create Website Animations Easily,100,2971,285,9.59,28
844458,How to Build Chat Bots: From Beginner to Intermediate,140,2814,107,3.8,35
403604,Web Development with BootStrap - 16 Instant Themes Included!,40,1355,45,3.32,27
549094,Install a Wordpress Theme the Correct Way & Charge Others,20,2335,13,0.56,18
59014,Coding for Entrepreneurs Basic,Free,161029,279,0.17,27
45941,The CSS and CSS3 Crash Course,150,2051,99,4.83,76
851868,Build a Business or Personal Website Using Wordpress,200,1069,12,1.12,61
814206,Learn By Example: PHP For Dynamic Websites,50,1439,10,0.69,77
590406,Learn ReactJS: Code Like A Facebook Developer,20,1948,72,3.7,45
680180,Learn to Build Web Apps using D3JS,40,841,99,11.77,29
899492,How to create awesome website and e-commerce in 1 hour,20,937,4,0.43,10
1056848,Joomla for Beginners - Learn how to build a website with CMS,95,583,7,1.2,35
846412,Learning Drupal 8,50,577,97,16.81,101
336938,Learn How To Build a Web Application Without Coding,Free,9364,311,3.32,10
375136,Rock Solid Wordpress Security - Secure Web Development,Free,5052,92,1.82,23
602218,Mastering JavaScript,95,694,39,5.62,39
1022682,PHP Laravel 5:Creating a CRUD application,45,511,12,2.35,7
968304,XQUERY :basics for beginners,40,937,2,0.21,6
180547,PHP Development with the Laravel Framework,50,1611,24,1.49,20
1178762,WordPress Development - Themes and Plugins Complete Guide,200,103,11,10.68,72
641236,Basic JavaScript: Build 4 Basic JavaScript Projects,40,670,33,4.93,37
130168,HTML and CSS for Beginning Web Developers,100,1606,28,1.74,73
1002210,Popular JavaScript Framework:Learn The Language Of Angular 2,200,260,22,8.46,64
1076424,The Ultimate Guide to the Best WordPress Plugins Part 1,50,122,10,8.2,116
968278,XSLT :basics for beginners,35,877,6,0.68,7
50528,The Complete Wordpress Plugin Development Course - 8 Plugins,200,1215,58,4.77,33
1075808,JSON Crash Course for Beginners,45,3323,90,2.71,7
560996,You can create Incredible Websites with HTML CSS learn how,100,11892,50,0.42,28
654680,JavaScript Tricks how to create code projects from scratch,75,15106,31,0.21,16
975906,The Sass Course! Learn Sass for Real-World Websites,95,975,141,14.46,18
951060,Web Design How to Create a Website HTML CSS Bootstrap,75,5263,29,0.55,29
1142202,Master Angular 4 by Example - Build 7 Awesome Apps!,195,596,32,5.37,84
159760,Create A Custom Responsive WordPress Website For A Client,95,7517,89,1.18,47
30243,Mastering HTML5 Programming - The Easier Way,75,21653,138,0.64,35
566910,How to Launch Your Own Website Builder Service,20,9028,87,0.96,12
783158,Getting Started with HTML,40,7375,52,0.71,17
554384,Spring Framework 4 (Java Enterprise JEE) with AngularJS,95,5177,318,6.14,70
1027812,Build A Weather App With Ajax Using Open Weather Map API,20,6548,44,0.67,38
607048,Essentials of JavaScript Practice Coding Exercises Tips,80,28125,115,0.41,21
704732,Learn and Earn with HTML & CSS,20,9349,206,2.2,69
574876,Get started Creating Websites Everything you need provided,100,14260,44,0.31,43
803378,JavaScript in Action JavaScript Projects,150,7720,58,0.75,17
715516,Modern Web Development with Laravel 5.2 (PHP Framework),120,2142,536,25.02,71
101864,Programming for Entrepreneurs - JavaScript,200,12873,106,0.82,38
682484,Create a Website from Scratch using HTML CSS step by step,75,12882,95,0.74,20
657734,Complete AJAX Course: Learn AJAX Techniques Using Bootstrap,195,12368,89,0.72,26
797038,Learn jQuery by Example Course,170,8625,94,1.09,73
1099956,Bootstrap 4 Theme Development Masterclass,150,2641,28,1.06,15
1211800,Wordpress Theme Development for Beginners,20,1052,14,1.33,47
958750,Web Design Creating websites from scratch,75,13920,64,0.46,28
515188,HTML Learning the Basics Intro to HTML website coding,20,7416,65,0.88,14
1172740,Learn how to use Javascript Components with PHP and Symfony,90,1822,4,0.22,25
846832,So you think you know JavaScript?,50,1010,154,15.25,25
943306,Learn Node.js by building Udemy: Stripe + MailChimp + Wistia,110,1425,36,2.53,34
11153,Learn jQuery: An In-depth Course For Beginners,50,7014,95,1.35,62
147908,JavaScript for Beginning Web Developers,75,7785,416,5.34,33
688092,JQuery Create Overlay Popups from scratch using Jquery,50,4407,17,0.39,29
1047968,Vue JS 2: From Beginner to Professional,145,602,93,15.45,214
585496,Ultimate AngularJS: Build a Real-World App from Scratch,100,1712,438,25.58,49
911712,Wordpress Site Migration,20,1894,40,2.11,35
803074,introduction to HTML Course,20,3258,32,0.98,16
200742,Create Single Page Website using Twitter Bootstrap 3,20,7449,111,1.49,13
1072248,The All-In-One Web Development Course,85,538,13,2.42,113
143028,Code a Responsive Website Using HTML5 and CSS for Beginners,50,1271,136,10.7,110
173888,AngularJS for the Real World - Learn by creating a WebApp,115,1407,137,9.74,69
361620,Wordpress Tutorial   ,200,2311,8,0.35,44
418386,Create a REAL Social Network like Facebook in PHP + MySQL,45,1002,178,17.76,174
212398,Advanced Node.js Development,55,2565,32,1.25,41
1097778,ASP.NET MVC 5 Project - Facebook Clone,30,210,19,9.05,41
653852,Bootstrap For Beginners: A  Basic Introduction,55,1186,14,1.18,9
598516,jQuery for Beginners,20,1421,17,1.2,36
900794,JavaScript Basics For Web Developers,20,958,14,1.46,17
564546,Learn PHP from Scratch,50,1550,25,1.61,27
516064,Learn Express,25,1309,60,4.58,14
1024844,"Build A Web App with VueJS, Spring Framework and MongoDB",145,251,32,12.75,25
631754,Zend Framework 2: Learn the PHP framework ZF2 from scratch,40,723,130,17.98,37
142666,Improved SEO with Rich Snippets and MicroData,Free,11026,228,2.07,13
440006,X theme for WordPress: Responsive web design without code!,20,1318,81,6.15,55
857270,Become a HTML and CSS Developer - Build a Responsive Site,Free,3894,91,2.34,29
370752,How to Make a Wordpress Website 2017,Free,12293,235,1.91,18
651990,Install Wordpress,20,1447,35,2.42,7
923146,CSS Specialist: Comprehensive CSS Training,100,487,31,6.37,52
295843,Introduction to Laravel 4,Free,9110,411,4.51,22
1170690,Introduction to Elm,Free,1519,28,1.84,20
603408,Learn to Freelance with People Per hour  (URDU),20,948,48,5.06,8
578900,Learn Wordpress 4 from Scratch : Create Awesome Websites,75,2023,8,0.4,25
997916,Amazon Alexa Development: From Beginner to Intermediate,140,1858,110,5.92,52
856526,The Build a SAAS App with Flask Course,40,2244,365,16.27,168
993146,Learn JSON with JavaScript Objects and APIs in 1 hour,95,3619,93,2.57,19
63612,1 Hour JavaScript,200,22999,602,2.62,18
745468,Building An E-Commerce Store Using Java Spring Framework,95,2743,589,21.47,61
986406,Typescript Masterclass & FREE E-Book,150,1229,139,11.31,108
593544,PHP MVC Framework CodeIgniter Tutorial for Beginners Project,100,3701,508,13.73,125
1128560,JavaScript - Become Higly Paid Front End Developer,105,710,137,19.3,49
242574,Object Oriented Programming (OOP) in PHP - Build An OOP Site,20,6588,721,10.94,36
1109736,Beginners Introduction to Web Development,200,7331,55,0.75,18
982860,Django + AngularJS for a Powerful Web Application,95,4463,59,1.32,36
859936,WordPress Academy: Learn WordPress step by step,150,1873,360,19.22,79
532008,Web Development Essential Skills - Complete HTML and CSS,95,1388,11,0.79,58
783746,Byte-Sized-Chunks: Closures in Javascript,20,1292,2,0.15,12
595818,Laravel Account Activation Project,50,1147,19,1.66,19
774910,WordPress: Create an Amazing Website With Ease,200,1109,13,1.17,24
447136,Mastering the Google Chrome Developer Tools,20,2002,41,2.05,31
525034,Kali Linux Web App Testing,75,876,48,5.48,29
769314,Learn Ruby Programming The Easy Way - Lite,20,1186,12,1.01,7
574082,"Web Scraping with Python, Ruby & import. io",75,973,50,5.14,46
770526,Sending email with PHP: from Basic to Advanced,40,379,58,15.3,45
510784,WordPress 2016 for Beginners : Build awesome websites!,20,2177,13,0.6,43
551702,Learn to make websites with Google's Material Design Lite,20,1063,72,6.77,84
311638,Joomla 3 : Develop a Professional Website in 3 Simple Steps!,35,1309,74,5.65,43
631128,Complete Python Web Course: Build 8 Python Web Apps,110,7489,941,12.57,173
246154,Web Design for Beginners: Real World Coding in HTML & CSS,100,9103,1724,18.94,58
967058,Ethereum Developer: Build A Decentralised Blockchain App,195,3169,527,16.63,38
548278,The Complete Web Development Course -  Build 15 Projects,200,7501,1213,16.17,384
1004134,Angular 2 + Rails 5 Bootcamp,150,1967,372,18.91,60
1025026,Javascript - From Beginner to Pro-Build real world JS apps,195,28694,688,2.4,77
1251786,Redux in Angular (2 and 4+),70,909,16,1.76,13
687466,The complete JavaScript developer: MEAN stack zero-to-hero,75,4820,983,20.39,53
369662,Running a Web Development Business: The Complete Guide,150,24575,525,2.14,98
318638,Projects In JavaScript & JQuery,60,9109,620,6.81,50
231176,Learn To Build Beautiful HTML5 And CSS3 Websites In 1 Month,50,18818,407,2.16,80
1115348,"Full stack Universal React with Redux, Node js and MongoDB",195,1121,174,15.52,62
34882,Creating an MP3 Player with HTML5,20,14551,169,1.16,14
537008,Be a Bootstrap Developer from scratch,100,5800,185,3.19,32
806020,Create Your First Wordpress Site in Under an Hour,20,4867,128,2.63,12
1253650,Learn Coding as RF or Telecom Engineer - Build Real Program,25,1006,4,0.4,8
1023070,Creating FaceBook Design Using Bootstrap - Handson Project,80,4616,20,0.43,19
778226,Building HTML5 Canvas projects from scratch,100,8968,35,0.39,25
1217948,Learn How To Become a Web Developer From Scratch,200,7062,72,1.02,172
1027276,"Earn Big Profits With Web Development, Simple and Easy!",90,3073,27,0.88,13
531360,BDD with Ruby on Rails using RSpec 3 and Capybara,175,2706,179,6.61,103
958132,Learn By Example: jQuery,50,1702,49,2.88,78
368340,Professional Python Web Development Using Flask,120,3420,489,14.3,102
584786,JavaScript HTML CSS Project make a Quiz Tutorial,95,7130,39,0.55,24
584522,Voiceover Audio Secrets - Your Way to Top Audio Quality,195,918,8,0.87,39
56259,jQuery UI In Depth,25,1520,21,1.38,52
402508,Codeless Website Development with Adobe Muse,50,461,67,14.53,46
1013380,Learn To Build A Google Map App Using Angular 2,30,116,12,10.34,7
961996,Learn Reactivex From Ground Up,40,207,32,15.46,32
551962,Learn HTML in 59 Minutes - Your intro to front-end dev,35,333,15,4.5,14
520870,WordPress Theme Customization 101 (for beginners),40,305,40,13.11,9
592352,Supercharging Development With Atom Text Editor,20,644,42,6.52,28
676554,Master WCF 4.0 From Scratch Using C#,50,415,67,16.14,53
19422,Drupal 7 for Beginners,35,926,102,11.02,37
994362,Critical Web Dev Skills & Tools for the Non-Tech Hustler,Free,3118,8,0.26,33
593128,Install WordPress on Computer using XAMPP,Free,4290,150,3.5,15
1053406,Java Web Services Part 2,20,959,51,5.32,74
580466,Complete PHP Course With Bootstrap3 CMS System & Admin Panel,195,55332,1225,2.21,144
857162,Learn To Create WordPress Themes By Building 10 Projects,60,2273,384,16.89,91
1107524,The Complete NodeJS Course: Build a Full Business Rating App,195,17784,260,1.46,61
653846,Master the MEAN Stack - Learn By Example,195,25799,382,1.48,42
1090788,First Web Application with Spring Boot,40,2865,95,3.32,32
1210652,HTML5 and CSS3: Learn Web Design with HTML + CSS + Bootstrap,200,346,28,8.09,74
306556,Backbone Tutorial: Learn Backbonejs from Scratch,90,4957,634,12.79,60
420652,AngularJS Custom Directives with Dan Wahlin,75,4128,434,10.51,61
866460,Angular 2+ with Typescript - Essential Training,195,29348,780,2.66,66
949282,Learn Angular 2 from Beginner to Advanced,195,32696,526,1.61,67
994740,Create an eCommerce Wordpress Website 2016 - New Divi Theme!,30,3503,123,3.51,41
926206,HTML5 and CSS3 : Landing Pages for Entrepreneurs 2016,195,2354,16,0.68,45
1075662,Learning Docker and Kubernetes by Lab,30,586,54,9.22,56
606756,Projects in ExpressJS - Learn ExpressJs building 10 projects,50,1949,149,7.64,102
1013314,PHP For Beginners : Learn PHP From Scratch!,100,1825,17,0.93,58
859422,Bootstrap 4.0 New Features: Build Responsive Website,40,2296,28,1.22,14
1035923,ASP.NET MVC 5 Project - CMS and Shopping Cart with Paypal,30,550,97,17.64,70
1035940,Professional RESTful API Design using Python Flask,120,578,25,4.33,36
30911,HTML5 APIs For JavaScript - A Course For Web Developers ,50,7706,62,0.8,45
1063722,Learn Python Django - A Hands-On Course,50,1339,21,1.57,18
125806,Comprehensive JavaScript Programming,20,6760,84,1.24,27
1101204,Security for your WordPress site,85,1096,8,0.73,7
76052,Try Django 1.9 | Build a Blog and Learn Python's #1 Library,50,7407,172,2.32,147
886614,Accelerated ES6 JavaScript Training,110,5811,850,14.63,114
1241254,AWS Serverless APIs & Apps - A Complete Introduction,145,2145,166,7.74,136
822444,Python and Django Full Stack Web Developer Bootcamp,200,11832,1883,15.91,191
904462,The Complete Elixir and Phoenix Bootcamp,50,5279,1375,26.05,123
1144726,Build a Real-world App with ASP.NET Core and Angular 2 (4+),190,5332,828,15.53,160
970600,REST APIs with Flask and Python,110,5151,737,14.31,115
756150,Angular 4 (formerly Angular 2) - The Complete Guide,190,73783,19649,26.63,329
80940,Build Websites from Scratch with HTML & CSS,145,51257,1955,3.81,77
405282,PHP for Beginners -Become a PHP Master - Project Included,200,28880,4316,14.94,286
383204,The Professional Ruby on Rails Developer,100,17334,676,3.9,96
519442,The Complete Ruby on Rails Developer Course,195,33677,3809,11.31,283
714724,Docker Technologies for DevOps and Developers,30,19210,3137,16.33,44
791414,JavaScript programming: JavaScript for beginners,55,2215,223,10.07,74
661774,JSON in Action: Build JSON-Based Applications,50,1322,171,12.93,37
597256,Learn Ruby Programming The Easy Way,35,3485,22,0.63,19
380582,Learn OAuth 2.0 - Get started as an API Security Expert,95,2185,283,12.95,45
572268,AngularJS For .Net Developers From Scratch,50,2494,303,12.15,40
704582,"Jekyll: make fast, secure static sites and blogs with Jekyll",45,2091,86,4.11,29
981600,HTML and CSS BootCamp for Beginners,30,1777,35,1.97,48
537282,Hosting Django: Amazon Web Services (AWS) Fundamentals,45,2573,103,4.0,46
1204590,Angular Advanced MasterClass & FREE E-Book,150,228,9,3.95,72
128946,Learn Responsive Web Development from Scratch,Free,59639,2692,4.51,24
895040,Build WordPress Plugin to extend Beaver Builder,50,1705,26,1.52,17
955194,Coding Made Easy: A Beginners Guide To JavaScript,40,1950,33,1.69,16
1000574,The Complete Developers Guide to MongoDB,150,10945,1286,11.75,129
1200530,Electron for Desktop Apps: The Complete Developer's Guide,50,2606,241,9.25,77
995016,Vue JS 2 - The Complete Guide (incl. Vue Router & Vuex),190,17671,4675,26.46,329
1208638,"React JS, Angular & Vue JS - Quickstart & Comparison",160,2273,288,12.67,142
851712,The Complete JavaScript Course: Build a Real-World Project,195,27801,4340,15.61,113
833442,Angular (Angular 2 or 4) & NodeJS - The MEAN Stack Guide,150,17297,3166,18.3,111
719002,Angular 2 with TypeScript for Beginners: The Pragmatic Guide,150,40070,8341,20.82,194
832862,Meteor and React for Realtime Apps,140,6527,1384,21.2,111
625204,The Web Developer Bootcamp,200,121584,27445,22.57,342
164554,AngularJS JumpStart with Dan Wahlin,75,17802,2144,12.04,113
764164,The Complete Web Developer Course 2.0,200,114512,22412,19.57,304
446134,Ultimate Web Designer & Developer Course: Build 23 Projects!,200,33788,4434,13.12,246
701634,ExpressJS Fundamentals,Free,21245,914,4.3,9
866696,REST WCF Service in ASP.NET,Free,7905,561,7.1,5
720356,Projects in Node.js - Learn by Example,195,869,99,11.39,38
1107986,Building Data Visualizations with D3 and Angular 2,125,293,30,10.24,31
772618,Learn Object Oriented PHP By Building a Complete Website,Free,36322,2618,7.21,32
542254,Web Programming Course : Asp.Net MVC,100,2760,76,2.75,26
928040,Learn Spring Framework Practically - Hands On Recipies,145,522,50,9.58,48
369132,One-stop Ruby on Rails: Build Web Applications from Scratch,145,1628,162,9.95,129
777654,Learn what's new in PHP 7,Free,12336,271,2.2,26
1161118,Dive Into Docker: The Docker Course for Developers,Free,6437,313,4.86,22
267286,"Basic Concepts of Web Development, HTTP and Java Servlets",35,2797,59,2.11,10
1093608,The Most Comprehensive Web Development Course,200,333,22,6.61,353
289230,Learn and Understand AngularJS,175,59361,11580,19.51,55
364426,JavaScript: Understanding the Weird Parts,175,79612,16976,21.32,85
1039062,Webpack 2: The Complete Developer's Guide,75,8964,1893,21.12,56
437398,Build Responsive Real World Websites with HTML5 and CSS3,195,43977,7106,16.16,77
861624,ES6 Javascript: The Complete Developer's Guide,80,13010,2709,20.82,68
461160,Learn and Understand NodeJS,195,58208,11123,19.11,98
947098,Understanding TypeScript,110,9132,1560,17.08,137
781532,Advanced React and Redux,140,21998,3326,15.12,119
705264,Modern React with Redux,180,50815,15117,29.75,150
1145430,Angular Styling & Animations (for Angular 2 and Angular 4),120,4138,307,7.42,107
806922,The Complete ASP.NET MVC 5 Course,190,20652,6357,30.78,138
1109926,GraphQL with React: The Complete Developers Guide,150,6412,987,15.39,114
1134456,"Create a Simple Photo Gallery with Dropzonejs, Slick and PHP",Free,2464,17,0.69,9
552598,WordPress in under an hour - Create/manage your own website!,Free,6474,86,1.33,15
56585,Twitter Bootstrap 2 for Beginners,20,2388,139,5.82,12
674040,Bootstrap Tutorial - Essentials From Basic to Advanced,195,1494,23,1.54,62
19260,Create an Engaging Website with Twitter Bootstrap 2.x,20,1463,56,3.83,24
944156,Javascript :basics for beginners,30,1057,22,2.08,12
742712,CSS Tutorial For Beginners: Style Your Wordpress Templates,35,1049,22,2.1,47
1193538,HTML5 And CSS3 - Build Modern Responsive Websites,175,109,17,15.6,69
228934,PSD to HTML5/CSS3 using Twitter Bootstrap 3! ,95,2073,24,1.16,16
65355,Web Development: Make A Website That Will Sell For Thousands,50,1116,62,5.56,51
814848,WordPress Basics to Business: Share and Sell your Expertise,50,1125,10,0.89,45
1021594,PHP Zend Framework 2:Creating a CRUD Application,40,802,6,0.75,9
548068,JavaScript Fundamentals,Free,4409,71,1.61,100
738552,Building a Website With Jekyll,20,686,19,2.77,21
128384,Big Data and Apache Hadoop for Developers - Fundamentals,30,1154,89,7.71,9
610202,Wordpress Development : Create a Custom Wordpress Website,120,885,3,0.34,13
856968,How to Make a Wordpress Website 2017,Free,2437,137,5.62,10
352774,RESTful Services with ASP.NET Web API,85,716,59,8.24,34
130694,Web Hosting Fundamentals,20,1867,19,1.02,8
1179104,Learning Path: React: Make Stunning React Websites,200,91,5,5.49,53
425084,Administering Microsoft SQL Server 2012 Databases - 70-462,60,586,65,11.09,98
1016650,PHP CodeIgniter:CRUD concepts in MVC,40,601,4,0.67,6
1152012,Adobe Experience Manager CMS Basics,35,81,14,17.28,33
673196,Introduction to Frontend Web Development For  Beginners,145,1018,28,2.75,48
519952,PHP: Complete Login and Registration System with PHP & MYSQL,200,1448,173,11.95,48
846156,JavaScript Complete Guide to learning JavaScript,200,1296,22,1.7,72
599504,Advanced Scalable Python Web Development Using Flask,120,1299,56,4.31,71
710486,jQuery for Absolute Beginners - Lite,20,1769,49,2.77,7
766592,HTML Complete Course - Beginner to Expert,Free,20073,615,3.06,28
859446,Cross-Platform Development with ASP.NET Core 1.0 MVC,35,601,126,20.97,64
450068,Build a Photo Blog with Ruby on Rails,20,2281,32,1.4,21
130064,Practical PHP: Master the Basics and Code Dynamic Websites,Free,83737,4598,5.49,45
382786,Sass Workflow,Free,20890,945,4.52,21
94432,Learn PHP Fundamentals From Scratch,Free,48650,1236,2.54,9
688872,XML For Absolute Beginners: Learn to create your own tags,75,1945,58,2.98,10
297390,Joomla: Create a Joomla Website This Weekend With NO CODING!,Free,18496,386,2.09,30
495678,JavaScript for beginners - A Complete Guide,100,1193,87,7.29,58
988982,Laravel Deployment - Launch your Laravel Application Online,Free,4905,101,2.06,13
722754,WordPress Development Crash Course: From Zero To Hero,60,1699,8,0.47,22
563668,Learn how to create a WordPress theme using Pinegrow,Free,11812,152,1.29,19
661878,Learn to Build Web Apps using Laravel Framework,30,746,93,12.47,39
1160196,Flexbox: The complete guide,35,189,7,3.7,16
335280,How to Safely Copy and Move Your WordPress Website,60,1419,38,2.68,20
957362,AngularJs :basics for beginners,45,1237,16,1.29,14
688874,JSON For Beginners: A Very Basic Introduction,65,1703,27,1.59,8
343816,Learn SASS and improve your CSS,55,1849,29,1.57,24
1127988,Angular Tutorial For Beginners,Free,5397,112,2.08,36
1079624,HTML and CSS for Absolute Beginners,Free,4410,52,1.18,26
746790,"JavaScript, jQuery and Ajax",20,1554,30,1.93,60
1106646,Laravel Blog Development Starter,Free,4499,138,3.07,20
647564,React: Learn ReactJS Fundamentals for Front-End Developers,55,1993,55,2.76,26
963378,JavaScript For Absolute Beginners - Level Two,30,424,85,20.05,9
1239022,How To Create A Real Estate Website With Wordpress 2017,Free,3782,32,0.85,11
650222,The Complete HTML5 and CSS3 Course - with 8 Websites Design,30,1551,42,2.71,78
565384,Introduction to Modern Programming with PHP,20,954,183,19.18,123
784544,HTML Introduction Course: Learn HTML in 2 hours!!!,Free,7304,368,5.04,28
340844,Learn HTML & CSS: How To Start Your Web Development Career,Free,15462,689,4.46,60
1227322,React vs Angular vs Vue.js by Example,Free,6958,132,1.9,30
792703,Create WordPress Plugins,50,964,19,1.97,21
1246622,Build and Deploy a LAMP server on AWS,Free,3571,18,0.5,8
679158,Build your own Beautiful Blog in WordPress + SEO,200,2421,6,0.25,28
808622,AngularJS Authentication: Secure Your App with Auth0,Free,21689,1080,4.98,13
1248974,Learn Bootstrap 4 by Example,Free,5542,54,0.97,9
1090870,Complete WooCommerce Plugin Tutorial For Wordpress 2017,Free,7922,183,2.31,16
1041426,How To Build And Make A Wordpress Website From Scratch 2017,Free,7055,166,2.35,24
909244,Docker for Developers - Newest Version 1.12 with Swarm Mode,95,767,104,13.56,81
1102962,Angular Material - Quickstart,Free,3766,135,3.58,14
405926,HTML and CSS for Beginners - Build a Website & Launch ONLINE,Free,70773,5660,8.0,50
186096,"Core: A Web App Reference Guide for Django, Python, and More",195,2497,98,3.92,154
832478,"JSON with Java APIs, jQuery and JSON REST Web Services",95,799,87,10.89,41
708578,Bootstrap 4 Quick Start: Code Modern Responsive Websites,Free,41478,2104,5.07,13
667992,Learn Symfony 3 framework by practical examples,125,867,177,20.42,48
1050632,"Complete Web Development with HTML, CSS and Javascript",Free,2097,16,0.76,10
380178,Web Hosting Introduction: How to Publish Your Website Online,Free,5533,137,2.48,11
924216,Django For Beginners,175,534,16,3.0,51
1038538,Introduction to QGIS Python Programming,85,197,26,13.2,28
421018,Learning Object-Oriented JavaScript,75,533,54,10.13,23
768612,Bootstrap Tutorial for Beginners,20,1036,27,2.61,20
764076,Learn Bootstrap3 With Multi Purposes Single Page Layout,Free,4503,146,3.24,122
59535,HTML for Beginners,Free,8592,336,3.91,35
1063430,How to Build WordPress Themes: A Web Designer's Guide,165,183,30,16.39,47
967424,XML DTD :basics for beginners,35,903,3,0.33,7
520302,Learn to make an HTML 5 website with a video background,80,1236,18,1.46,14
774648,Learn Authentication With ASP.NET Identity Security 2017,50,305,45,14.75,13
1116366,HTML and CSS Foundations,Free,1544,15,0.97,29
523312,Python Web Programming,100,1020,46,4.51,60
884988,Build a Complete Registration and Login System using PHP MVC,80,325,50,15.38,106
1211366,ES6 / EcmaScript 6 for beginners an introduction,Free,3227,19,0.59,21
904890,React for visual learners,20,659,64,9.71,26
255878,Learn to Create Advance Responsive Websites With Bootstrap,20,2528,15,0.59,30
1052518,Master the Art of Web Design with HTML & CSS,145,550,15,2.73,59
824412,Sell Courses On Your Own Website - No Coding Required!,100,1032,9,0.87,21
425086,Implementing a Data Warehouse with SQL Server 2012 ,85,1142,148,12.96,90
420982,Learning 200 jQuery Functions with 800 Examples,195,1766,38,2.15,118
552594,Create Complete Web Applications easily with APEX 5,30,912,128,14.04,81
477250,"Learn Gulp, The Streaming Build System",25,1305,38,2.91,16
1075570,Perfect React JS Course - Understand Relevant Details,200,653,20,3.06,25
92194,Create a classified website in 2 hours - guaranteed,50,3411,84,2.46,22
699618,Learn HTML And CSS From Scratch,Free,11533,240,2.08,18
467426,Become a Certified Web Developer - Beginner to Expert,200,3397,12,0.35,85
1166070,Complete Bootstrap 4 course - build 3 projects,Free,7865,241,3.06,36
1005610,Up and Running with Phalcon,20,715,12,1.68,12
922750,HTML : HTML Awesomeness,25,988,23,2.33,27
1201054,Build CRUD Application - PHP & Mysql,Free,4405,71,1.61,12
177912,All You Need To Know About AngularJS - Training On AngularJS,50,1936,88,4.55,53
596192,PSD To a Creative Landing Page Using Twitter Bootstrap 3,Free,11666,546,4.68,20
1031780,Ready for Production with Spring Boot Actuator,55,361,26,7.2,49
511934,AngularJS For Beginners,Free,30531,1948,6.38,53
1194232,Learning Path: Akka: Building Applications and Microservices,200,88,8,9.09,55
1131732,Set up a localhost Web Server for Faster Website Development,30,55,13,23.64,31
693726,Mastering Meteor: Reactive Full Stack JavaScript,95,494,46,9.31,37
365426,Build A Professional Wordpress Website In An Hour,20,1294,11,0.85,15
260444,Build a file hosting/sharing site in less than 2 hours ,20,976,29,2.97,13
12975,Introduction to Java Programming for Online Learners,200,1586,87,5.49,124
499904,Create full featured Landing Page in Ruby on Rails in 3 hour,30,1550,15,0.97,23
733694,How to create a  video blog with WordPress,25,1209,8,0.66,62
818958,PHP For WordPress Development,35,850,12,1.41,16
374590,Create a Professional Website Without Programming/Coding,Free,5421,93,1.72,20
982328,How to Build an Autocomplete System Like Google,30,255,5,1.96,9
511942,Master EmberJS : Learn Ember JS From Scratch,120,707,59,8.35,103
1024888,How To Make A Modern Wordpress BLOG 2017! Create Your Blog!,Free,6856,137,2.0,19
740762,Learn Top Ten PHP FrameWorks By Building Projects,60,1007,96,9.53,87
646056,How to Make a Video Blog Website From Scratch w/ Wordpress ,Free,12952,163,1.26,22
545524,Build Websites And Apps By Outsourcing,20,2299,11,0.48,22
1270222,Learning Path: Web Applications with Spring and Angular,200,19,2,10.53,33
340362,Learn Ruby on Rails By Building Projects,60,1736,79,4.55,47
782194,Canvas image Creator HTML5 JavaScript project from Scratch,100,2195,10,0.46,35
707962,Javascript Essentials,Free,47062,5590,11.88,41
1178394,Devtools 2017: The Basics of Chrome Developer Tools,Free,4569,108,2.36,18
1084894,Chrome Extensions : Develop 5 chrome extensions from scratch,Free,3655,85,2.33,44
364616,Learn how to quickly build websites using Wordpress,Free,15715,406,2.58,28
990532,Advance Unix : File Processing: AWK | SED | GREP | CUT | VIM,75,578,40,6.92,84
933110,Develop a Professional OnePage WordPress site With No Coding,20,1747,13,0.74,13
1158836,PHP Specialist (2017 Edition),100,197,11,5.58,53
70640,Python Programming: Create an Digital Marketplace in Django,195,4198,145,3.45,161
1176460,Create Ajax Chat App with PHP & Mysql,45,540,11,2.04,19
736250,Mastering Thymeleaf with Spring,75,942,161,17.09,64
617886,Learn Rails Programming in Less than 2 Hours,35,2470,24,0.97,19
934570,Wordpress Backup & Restore,95,478,37,7.74,18
760306,Learn JavaScript Dynamic Interactive Projects for Beginners,100,2558,12,0.47,36
780058,Build Modern Websites Super Fast,25,2178,22,1.01,19
828042,SAP - Learn SAPUI5 Professional Development,195,860,201,23.37,56
473338,Wordpress Security,95,2888,26,0.9,24
14571,Learn HTML5 At Your Own Pace. Ideal for Beginners,50,3026,60,1.98,67
713098,Build an Amazon clone: Nodejs + MongoDB + Stripe Payment,20,2164,290,13.4,70
701570,Build Real World Websites from Scratch using HTML5 and CSS3,195,10874,114,1.05,59
1198704,How to become an App Developer,200,1935,17,0.88,10
807874,"Modern JavaScript: Building Real-World, Real-Time Apps",50,1871,154,8.23,60
607056,JavaScript Introduction to Object Oriented JavaScript,90,7789,59,0.76,23
587902,Core HTML How to get online quickly HTML to HTML5 ,90,10394,33,0.32,34
963412,Building Websites JavaScript and the DOM,120,17759,64,0.36,37
552198,Complete Login and Registration System in PHP and MYSQL,200,4714,149,3.16,28
916902,The Complete E-Commerce Web Developer Course 5.0,195,3209,58,1.81,96
778112,HTML5 canvas Bootcamp for beginners 25 easy steps,120,14118,30,0.21,27
26845,Advanced HTML5 Tutorial for Web Developers,50,11847,57,0.48,57
460056,Learn the Basics of Programming for Marketers,55,11339,43,0.38,26
641732,Css For Beginners,85,1156,13,1.12,28
417914,GRUNT js: Automate web development tasks and save your time,55,1534,33,2.15,18
707682,Mastering Web and Mobile Debugging Using Chrome Dev Tools,195,1102,12,1.09,21
913966,HTML : Beginner Guide to HTML writing,20,783,20,2.55,13
684794,Build Web Apps Using EmberJS: The Complete Course,40,627,126,20.1,31
326326,SharePoint 2013 Development using C# - Part I,50,891,101,11.34,119
436496,SAP Crystal Reports with ASP.Net (Step by step),Free,7484,304,4.06,5
525114,Building Responsive Data Visualizations with D3 JS,85,876,59,6.74,28
709460,Learn Rails Programming in Less than 30 Minute - Lite,20,1235,25,2.02,7
413618,SASS - Beginner Crash Course,25,1143,34,2.97,13
821788,Angular 2 Fundamentals for Web Developers,40,450,61,13.56,41
392836,Easily Learn Web Development With Drop & Drag: OptimizePress,20,1442,9,0.62,25
1115126,XML XSLT - Crash Course for Beginners,45,426,4,0.94,9
348920,Create Your Own Successful Online School To Sell Courses,95,2814,14,0.5,39
1114060,Flask Tutorial Step by Step,Free,4645,171,3.68,19
778084,Ruby on Rails a Beginners Guide ,Free,13130,346,2.64,88
1176686,Mastering Basic CSS Selectors.,Free,3933,23,0.58,14
744618,Create a Website Similar to Facebook from Scratch!,25,2197,9,0.41,12
473622,Comprehensive TypeScript,125,1318,78,5.92,51
470412,"Essential HTML, CSS & HTML5 Training",50,1553,35,2.25,43
758208,HTML 5 and CSS 3 - tricks and workarounds,80,2007,10,0.5,113
505780,"How to Register a Domain, Set Up Hosting, and Edit Web Pages",45,1540,19,1.23,39
568524,WordPress Plugins Treasure Chest,25,1655,10,0.6,44
890810,Practical Understanding of PHP and MySQL,Free,12201,217,1.78,24
332252,"AngularJS for Beginners, Single-Page Applications Made Easy",200,1284,46,3.58,30
431576,Building a Social Network in PHP & MySQL From Scratch,50,869,125,14.38,78
1115128,XML DOM - Crash Course for Beginners,45,396,6,1.52,8
716310,Create a Powerful Website with the Cool Bootstrap Framework,Free,7142,41,0.57,25
467186,HTML5 and CSS3 -Start building beautiful websites,150,1414,14,0.99,22
212376,Getting Started as a Web Developer,Free,9833,241,2.45,15
496006,Learn Laravel: Create Your Web App Step-By-Step,45,604,47,7.78,35
756050,Professional Web Scraping with Java,50,685,37,5.4,14
592594,3D Programming with WebGL and Babylon.js for Beginners,200,549,49,8.93,18
520308,Learn to make a colorful one page website,200,1220,16,1.31,16
494510,WordPress Plugin Tutorial,40,1588,8,0.5,15
212624,Introduction to HTML,Free,8371,212,2.53,18
1259422,Learn JavaScript From Scratch:Become Top Rated Web Developer,65,2570,17,0.66,87
326244,"Installing Wordpress 4 - Installation, Registrars & Hosting",45,6117,188,3.07,28
573716,Learn PHP Programming for Absolute Beginners,35,5368,78,1.45,20
1172166,WordPress for Beginners 2017 + Google AdSense Implementation,195,2225,14,0.63,64
1021834,JavaScript for beginners in 1 hour,95,2086,56,2.68,22
1210098,HTML5 and CSS for Beginner To Expert,20,1732,15,0.87,48
288466,Become a Kick-Ass Web Developer: From Newbie to Pro,200,6751,44,0.65,353
581256,Django Tutorial: Build Your First App Fast & Free! ,20,5228,180,3.44,27
1189508,Create a social network using PHP Mysqli HTML Css and JQuery,40,1477,17,1.15,27
863976,PHP - Send and Receive Mobile Text Messages (SMS),50,1626,81,4.98,18
681514,Complete PHP Course with OOP Start to Finish!,200,4529,54,1.19,29
864482,Coding Made Easy: HTML & CSS For Beginners,40,3254,92,2.83,16
339086,WordPress Security - The Ultimate Security Guide,60,2267,17,0.75,29
639654,How to Make a Single Page Website for Freelancers & Agencies,Free,17463,283,1.62,30
60792,Learn to Use jQuery UI Widgets,Free,23669,521,2.2,9
1054814,Learn to Create Responsive Layouts in 30 Minutes,Free,5301,174,3.28,6
948204,Web Building Starter Pack. Html Css and JQuery Animations,30,1033,16,1.55,42
1191946,Getting Started with Angular 2+,Free,6909,401,5.8,14
82412,Intro to PHP Web Application Development with Symfony,200,4040,72,1.78,20
986742,Learn OAuth 2.0 - Theory and Hands On,145,546,69,12.64,21
18448,Learning CSS3 - A Comprehensive Tutorial For Web Developers,50,2459,107,4.35,101
552258,Professional WordPress Theme Development from Scratch,200,1284,173,13.47,301
1020722,PHP Zend Framework 1.11:Creating a CRUD Application,40,1122,5,0.45,7
752706,Write quicker HTML5 and CSS 3; productivity hacks with emmet,Free,13016,286,2.2,15
633606,The Ultimate jQuery Course,20,1098,15,1.37,54
461176,Build an Advanced Single Page with Bootstrap & WordPress,95,481,75,15.59,77
1030774,Master all PHP ideas 2017 to build any project,50,376,19,5.05,49
221920,A Beginner's Guide to the Meteor JavaScript Framework,50,898,132,14.7,40
372442,Create an E-commerce website without any coding,20,1393,40,2.87,9
851560,Learn To Build Apps Using Play Framework,40,434,69,15.9,23
755932,Introducing Ionic 2,50,394,78,19.8,22
1031620,Learn Laravel with Database Migration & Seeding & Faker,20,263,14,5.32,7
416738,Create a Client Network by Hosting WordPress Sites,35,1061,8,0.75,17
576108,Introduction to PHP Slim Microframework,20,1312,19,1.45,11
971022,ASP :basics for beginners,35,764,7,0.92,8
966794,"WordPress Development With NodeJS, Gulp, Composer & More",25,289,30,10.38,30
1200874,Become PHP Facebook Developer: Password-Less Authentication,195,4001,8,0.2,37
780056,How To Create Your Very First Website With HTML and CSS,100,5097,196,3.85,37
1274210,Learn JSON for beginners with JavaScript,200,3193,10,0.31,23
615106,Ultimate guide to Social Media Web development integration ,200,11011,13,0.12,36
1023196,A Complete Laravel basics from beginner to expert,25,3492,61,1.75,12
1249968,JQuery Basics - Learn JQuery From Scratch,100,3559,24,0.67,18
565000,Learn MeteorJS By Building 10 Real World Projects,50,2784,221,7.94,79
760752,JavaScript Basics for Beginners Introduction to coding,150,5495,52,0.95,18
419318,AngularJS Masterclass - Deep Dive & Understand AngularJS,100,2912,309,10.61,85
482834,HTML5 for beginners,195,9687,59,0.61,59
1090194,All in one HTML CSS and JQuery,20,3444,35,1.02,16
561136,Responsive Design with NEW Materialize,75,12629,88,0.7,36
41356,Create a Responsive Business Website with WordPress,95,1659,73,4.4,38
946310,PHP webservices,30,1305,25,1.92,8
661780,JavaScript Promises: Applications in ES6 and AngularJS,75,651,52,7.99,20
563020,Learn to build 20 websites and build 14 iOS9 apps with swift,40,1926,9,0.47,458
772224,Professional CSS Flexbox,35,396,130,32.83,21
967410,XML :basics for beginners,40,1062,12,1.13,11
1007766,How to create Paypal and Credit card Payment Buttons,65,578,6,1.04,8
837950,Customizr - Learn WordPress with the ultimate creative theme,Free,4735,81,1.71,69
737468,How To Create a Local Wordpress Environment,Free,4306,163,3.79,12
394832,Fun and creative web engineering with Python and Web2py,Free,10917,319,2.92,25
384318,WordPress for Beginners - Build Your First Website in 2017,100,1701,125,7.35,88
294408,Learn to Make an Animated Image Gallery using HTML5,Free,11080,165,1.49,7
564268,Projects in Foundation Framework - Learn By Building 10 Apps,50,636,33,5.19,54
368786,Drupal for Beginners,30,1478,18,1.22,83
1036170,Laravel : CRUD Application Using AJAX In Laravel 5.3,20,362,19,5.25,8
311538,Foundations of Front-End Web Development,Free,8337,300,3.6,129
825752,Angular 2 - Superheroic Framework,20,702,21,2.99,30
56513,Social Network Web Development,200,2698,29,1.07,57
921560,For Free - Deploy Quickly Spring Boot on Heroku With MySQL,95,177,19,10.73,10
366608,Building Web Applications with Spring MVC,85,714,48,6.72,28
527834,"HTML5, CSS3 & Bootstrap - How to Create a Responsive Website",20,1062,20,1.88,32
287010,HTML & CSS - Learn to build sleek websites ,55,1552,14,0.9,44
1019918,Master Angular 2 - The No Nonsense Course,25,102,27,26.47,36
442580,Master ASP . NET 4 from scratch,50,613,135,22.02,116
388286,CoffeeScript: The Good Partsâ€”Write Better javaScript,50,2152,19,0.88,15
368679,Mastering Magento,85,1063,101,9.5,40
909836,Ultimate JavaScript Strings,Free,3142,117,3.72,20
328960,Your Own Site in 45 Min: The Complete Wordpress Course,120,1566,29,1.85,36
407796,Redirect Your Visitors By Country Easily -Wordpress Tutorial,20,2306,3,0.13,24
637840,Learn Knockout JS Framework from GroundUp,40,633,104,16.43,31
954948,Build Responsive Websites  in an Hour using Portalfin,Free,2859,42,1.47,17
806536,Master Riot: Learn Riot.js from Scratch,125,299,75,25.08,34
947204,Learn W3.CSS,50,1002,7,0.7,10
468726,Learning Axure RP,75,631,103,16.32,65
697798,"Complete guide to install Wordpress, PHP on Cloud,AWS or VPS",50,1386,17,1.23,28
30261,"Kids Coding -Introduction to HTML, CSS and JavaScript",200,2355,143,6.07,215
730542,Introduction to Voice Design with Amazon's Alexa,Free,6742,1036,15.37,6
524248,How to Create a Social Network For a Niche-Related Community,100,1853,34,1.83,39
1037666,Webpack 1 & 2 - The Complete Guide,40,252,46,18.25,79
726290,Star Rating Project AJAX with JSON response from PHP MySQL,120,1302,18,1.38,22
602702,Wordpress for beginners :Build Websites Fast without Coding ,50,1658,72,4.34,68
309820,ASP.Net MVC Quick Start,Free,15092,1234,8.18,65
1163894,Build a Chatbot integrated Website using Bootstrap 4,50,165,13,7.88,28
320798,How To Create A WordPress Website Without Paying A Developer,20,4333,16,0.37,17
611688,PSD to Bootstrap 3 for Beginners using HTML & CSS,20,976,93,9.53,46
495958,Build Advanced Responsive Websites with Foundation 6 & SASS,200,1276,245,19.2,271
652376,Learn Essential Javascript Fundamentals - Lite,20,1476,27,1.83,8
846210,Learn HTML in 2 hours!,Free,5351,235,4.39,13
313484,Laravel 4 try and enjoy php coding,20,2402,26,1.08,23
883706,Wordpress Beginner Tutorial: Build Your First Website,Free,6402,104,1.62,23
1039596,Build Complex Express Sites with Redis and Socket IO,125,223,26,11.66,27
826366,Building a ASP.NET MVC 5 Membership Website,95,654,86,13.15,239
488220,Drupal Views: Introduction to Enhancing Your Drupal Website,105,1262,36,2.85,40
1012040,Bootstrap Bootcamp - Responsive web development- 8 projects,100,253,34,13.44,45
669346,Self Advertise Using PowerPoint Twitter and Facebook on ios,20,1780,15,0.84,6
123566,Learning Bootstrap 3 - Tutorial From Infinite Skills,50,1266,90,7.11,50
628876,Practical Web Development: Make Websites Quickly And Easily,20,2389,7,0.29,20
378924,"Learn animation using CSS3, Javascript and HTML5",40,1468,54,3.68,18
869448,Creating Interactive HTML5 Video,25,838,13,1.55,23
1207382,Optimizing Wordpress for More Speed and Revenue,Free,2649,16,0.6,7
628430,JavaScript project Learn to create a memory Game and more,95,6000,21,0.35,25
882128,The Complete JavaScript Bootcamp,195,1839,91,4.95,47
149042,JavaScript for Absolute Beginners,20,10689,394,3.69,17
513958,Complete JavaScript Course for Beginners with Easy Examples,200,7449,91,1.22,32
769390,Angular 2 Master Class with Alejandro Rangel,30,4157,206,4.96,80
830834,Quick learning jQuery web development,150,3388,67,1.98,39
1203040,Google Blogger Course,60,1343,11,0.82,22
564366,"Ajax in JavaScript and JQuery, with PHP - Creating Chat App",200,3399,85,2.5,15
1124280,PHP Tutorial: Learn PHP Basic Programming for Beginners,20,2510,21,0.84,23
1135712,Mastering Modern Web Development Using React,195,1537,8,0.52,29
823996,"Full Stack JavaScript: Learn Backbone.js, Node.js & MongoDB",50,6134,93,1.52,15
260756,The Essential Web Developer Course - Build 12 Websites,200,9355,390,4.17,177
533416,Build Powerful Websites & Blogs using WordPress - No Coding,20,1024,14,1.37,26
672090,Learn to Build Web Apps using UnderscoreJS : Code Like a Pro,40,325,37,11.38,27
873844,Building Web Apps Using Flask and Neo4j,50,166,21,12.65,37
628356,Learn Web Animation the Easy Way: An Intro to SVG and GSAP,50,203,33,16.26,15
362360,Build Your Own Membership Website With Joomla,95,1134,9,0.79,24
961508,Learn Spring Security 4 Basics - Hands On,95,216,28,12.96,16
1250934,Display and analyze GIS data on the web with Leaflet.js,100,25,4,16.0,66
58653,How to Build a CMS with PHP,50,1096,33,3.01,10
152244,Responsive Web Design with HTML5 and CSS3 - Introduction,35,770,65,8.44,84
591116,Master Typescript : Learn Typescript from scratch,95,424,45,10.61,60
969170,XSD :basics for beginners,35,755,0,0.0,7
572270,Angularjs-WebApi2-EFCodeFirst Web App On 3-Tier Architecture,60,652,48,7.36,46
653754,Css Positioning For Absolute Beginners: A Basic Introduction,65,4797,97,2.02,11
1034636,Creating User Authentication System in CodeIgniter,200,2783,9,0.32,21
169144,How to easily Manage your WordPress Website,20,8462,50,0.59,21
507992,Wordpress For Beginners: Create a Professional Website,200,5129,183,3.57,35
554570,"Building a Portfolio in 90 minutes ( HTML, CSS, Js ) ",20,5272,111,2.11,24
284076,Automate Web Development With Gulp JS,20,2784,425,15.27,29
1031626,Bootstrap 4 Responsive Web Design and Development,20,3086,17,0.55,73
399640,Intro To HTML & CSS: Web Development For Beginners,20,6008,203,3.38,35
50522,Become Exceptional in HTML and HTML5,20,16486,86,0.52,34
800148,Become a Rockstar Web Developer - Learn By Coding,200,2076,125,6.02,56
976854,Spring 4 Mastercourse: Covers Annotation & XML Configuration,200,1353,53,3.92,320
529028,WordPress Plugin Development for 2017 - Build 14 Plugins,50,3770,108,2.86,72
563880,Single Page Application of MVC 5 Using AngularJS,20,722,53,7.34,18
288258,"Learn to Code in HTML5, CSS3, and JavaScript",20,1404,7,0.5,17
137650,Web Application Development - Learn by Building 3 Web Apps,30,1688,16,0.95,29
858762,Rails Ecommerce App with HTML Template from Themeforest,25,214,34,15.89,24
113888,Writing CSS with {LESS} - Tutorial From Infinite Skills,50,788,21,2.66,25
25615,Login and Registration from Scratch with PHP and MySQL,20,1128,77,6.83,36
352748,Getting Started with Magento,85,608,88,14.47,48
656522,Ruby on Rails Foundations,20,359,45,12.53,73
253246,Core Concepts in HTML 5,75,1532,19,1.24,23
690966,Learn Azure Cloud Step by Step,20,791,29,3.67,24
655298,Learn Facebook Flux Architecture for Web Applications,40,395,26,6.58,36
910624,"Create free, fast and secure static website",50,322,9,2.8,9
735796,Object Orientation in PHP,20,151,40,26.49,30
873824,Creating Custom Web Maps,50,208,48,23.08,29
642940,Build A YouTube Downloader With C# And GitHub,20,385,39,10.13,32
422012,Querying Microsoft SQL Server 2012 - (Exam No. 70-461),85,666,89,13.36,115
897314,HTTP Clients with Laravel: Use and Consume Services and APIs,65,237,22,9.28,52
1008246,Modern E-Commerce Store In php & mysqli With Bootstrap,50,240,45,18.75,358
576722,Simple And Easy: Wordpress For Beginners,Free,5014,196,3.91,32
811452,Create Website from scratch in Urdu & Hindi,Free,3033,91,3.0,9
990284,Advance Unix : File Processing: AWK | GREP | VIM,20,458,2,0.44,12
212394,Introduction to Node.js Development,55,1779,48,2.7,16
845794,Advance JavaScript for Coders: Learn OOP in JavaScript,40,334,41,12.28,54
1009236,Web Development With Google Maps,50,222,9,4.05,60
835346,jQuery UI Ultimate:Design Amazing Interfaces Using jQuery UI,145,422,86,20.38,69
973932,Learn Spring Security 4 Intermediate - Hands On,95,227,16,7.05,20
1227578,Learning Path: The Road to Elasticsearch,200,50,5,10.0,60
954710,HTML/CSS Bootcamp,40,194,26,13.4,87
525818,JavaScript High Performance,95,458,28,6.11,40
1170920,Node:js : Building Rest Apis with Sails.js,100,61,9,14.75,44
826568,Fundamentals of Angular 2 Full Stack Design,95,314,43,13.69,49
665686,Create Newsletter Subscription Form with PHP/AJAX in 40 Min,50,586,10,1.71,17
969348,AppML :basics for beginners,30,770,0,0.0,8
599628,How to manage your own VPS and create websites,120,735,16,2.18,30
403106,Learn BuddyPress: Build A Social Network with WordPress,20,1299,15,1.15,23
145812,HTML FOR BEGINNERS,20,791,8,1.01,16
1115132,XML XQuery - Crash Course for Beginners,45,426,4,0.94,10
935014,Simplified Cross Browser Web Testing Using VirtualBox,20,796,3,0.38,18
616818,JavaScript and jQuery Basics: Start The Journey,25,1316,22,1.67,45
264790,How to Install WordPress From Scratch,Free,8415,56,0.67,13
943386,CSS :basics for beginners,30,1085,8,0.74,13
576054,"WordPress Development - Themes, Plugins & Single Page Apps",150,817,164,20.07,131
392526,Learn Effective HTML in No Time!,40,1275,11,0.86,18
258886,HTML5 Geolocation in Depth:Build 7 HTML5 Geolocation Apps,90,1526,72,4.72,86
155640,Building a Search Engine in PHP & MySQL,Free,10110,379,3.75,12
261148,create a search engine for your website!,20,1832,6,0.33,12
939536,Learn basics of HTML in 30 Minutes,20,945,17,1.8,11
368908,JavaScript from Scratch for Very Beginners,30,1272,31,2.44,29
709324,Learn Web Development by Creating a Social Network,200,442,48,10.86,80
366720,CSS Image filters - The modern web images color manipulation,Free,6315,53,0.84,16
554136,Building Responsive Websites with Bootstrap 3 Framework,75,1322,14,1.06,27
455680,Create a Membership Site with Wishlist Member & Wordpress,95,557,39,7.0,28
667744,Convert HTML Websites into PHP: Learn by Doing in 40 Minutes,50,540,13,2.41,15
975916,17 Complete JavaScript   projects explained step by step,185,327,26,7.95,106
1159822,Mastering Unix : AWK Commands,20,358,0,0.0,23
1018530,Cakephp:Creating a CRUD application,40,803,2,0.25,7
516790,HTML and CSS: A Guide to Web Design,25,1557,13,0.83,74
1079078,Drupal 8 Site Building,Free,1942,23,1.18,48
919354,Learn Bootstrap 4 The Most Popular HTML5 CSS3 & JS Framework,200,279,37,13.26,119
1248172,Essentials of Spring 5.0 for Developers,125,34,2,5.88,21
949134,The Extreme Web Development Course - For Beginners,200,1420,62,4.37,152
833182,JQuery DOM and Ajax Concept Explained for Beginners,35,1812,112,6.18,7
654832,HTML Forms For Beginners: A Basic Introduction  ,45,2472,41,1.66,8
895096,Ultimate JavaScript Objects,20,1525,43,2.82,65
459922,The Complete Web Developer Course - Build 20 Websites,20,2650,61,2.3,304
577796,"Simple Javascript: Learn by Doing, Beginners Welcome!",25,2753,10,0.36,18
747650,"Learn HTML, CSS, and Ruby on Rails: Build Your First Blog",20,2985,40,1.34,27
761770,Learn HTML5 Canvas for beginners,100,2360,12,0.51,49
723878,Bootstrap 4 Beginners: Code a Responsive Landing Page,30,948,193,20.36,48
1036028,Build Wordpress CMS Clone with Laravel 5,150,392,81,20.66,63
1115064,XML DTD - Crash Course for Beginners,45,944,1,0.11,10
21386,Beginner Photoshop to HTML5 and CSS3,Free,73110,1716,2.35,22
968292,XPATH :basics for beginners,40,878,6,0.68,8
523216,The Fastest Way to Create a Website Using Godaddy,30,1454,14,0.96,12
270976,A how to guide in HTML,Free,7318,205,2.8,8
679992,Building Better APIs with GraphQL,50,555,89,16.04,16
330900,Learn Grunt with Examples: Automate Your Front End Workflow,20,496,113,22.78,17
667122,Build A Stock Downloader With Visual Studio 2015 And C#,20,436,36,8.26,22
865438,jQuery UI in Action: Build 5 jQuery UI Projects,150,382,28,7.33,140
775618,Learn jQuery from Scratch - Master of JavaScript library,100,1040,14,1.35,21
1088178,How To Design A WordPress Website With No Coding At All,25,306,3,0.98,42
635248,Learn and Build using Polymer,40,513,169,32.94,48
905096,CSS Animations: Create Amazing Effects on Your Website,50,300,31,10.33,38
297602,Using MODX CMS to Build Websites: A Beginner's Guide,45,901,36,4.0,20
